season	game_type	team	week	gsis_id	position	full_name	first_name	last_name	report_primary_injury	report_secondary_injury	report_status	practice_primary_injury	practice_secondary_injury	practice_status
2023	"REG"	"BUF"	9	"00-0033551"	"CB"	"Rasul Douglas"	"Rasul"	"Douglas"	null	null	null	"not injury related - travel"	null	"Did Not Participate In Practice"
2023	"REG"	"BUF"	9	"00-0037242"	"CB"	"Kaiir Elam"	"Kaiir"	"Elam"	null	null	null	"Ankle"	null	"Did Not Participate In Practice"
2023	"REG"	"BUF"	9	"00-0034857"	"QB"	"Josh Allen"	"Josh"	"Allen"	null	null	null	"right Shoulder"	null	"Full Participation in Practice"
2023	"REG"	"BUF"	9	"00-0036888"	"S"	"Damar Hamlin"	"Damar"	"Hamlin"	null	null	null	"Illness"	null	"Full Participation in Practice"
2023	"REG"	"BUF"	9	"00-0036590"	"TE"	"Quintin Morris"	"Quintin"	"Morris"	null	null	null	"Ankle"	null	"Full Participation in Practice"
2023	"REG"	"BUF"	9	"00-0037288"	"CB"	"Christian Benford"	"Christian"	"Benford"	null	null	null	"Hamstring"	null	"Limited Participation in Practice"
2023	"REG"	"BUF"	9	"00-0030463"	"LB"	"A.J. Klein"	"A.J."	"Klein"	"Back"	null	"Out"	"Back"	null	"Did Not Participate In Practice"
2023	"REG"	"BUF"	9	"00-0037318"	"LB"	"Baylon Spector"	"Baylon"	"Spector"	"Hamstring"	null	"Out"	"Hamstring"	null	"Did Not Participate In Practice"
2023	"REG"	"CIN"	9	"00-0037752"	"S"	"Tycen Anderson"	"Tycen"	"Anderson"	null	null	null	"Knee"	null	"Did Not Participate In Practice"
2023	"REG"	"CIN"	9	"00-0034752"	"T"	"Orlando Brown"	"Orlando"	"Brown"	null	null	null	"Groin"	null	"Full Participation in Practice"
2023	"REG"	"CIN"	9	"00-0037293"	"LB"	"Devin Harper"	"Devin"	"Harper"	null	null	null	"Hamstring"	null	"Full Participation in Practice"
2023	"REG"	"CIN"	9	"00-0033935"	"DE"	"Trey Hendrickson"	"Trey"	"Hendrickson"	null	null	null	"Foot"	null	"Full Participation in Practice"
2023	"REG"	"CIN"	9	"00-0033347"	"DT"	"Josh Tupou"	"Josh"	"Tupou"	"Shoulder"	null	"Out"	"Shoulder"	null	"Did Not Participate In Practice"
2023	"REG"	"CIN"	9	"00-0033897"	"RB"	"Joe Mixon"	"Joe"	"Mixon"	"Chest"	null	"Questionable"	"Chest"	null	"Full Participation in Practice"
2023	"REG"	"CIN"	9	"00-0036298"	"LB"	"Akeem Davis-Gaither"	"Akeem"	"Davis-Gaither"	"Knee"	null	"Questionable"	"Knee"	null	"Limited Participation in Practice"
2023	"REG"	"CIN"	9	"00-0035245"	"G"	"Max Scharping"	"Max"	"Scharping"	"Knee"	null	"Questionable"	"Knee"	null	"Limited Participation in Practice"
