player_id	player_name	player_display_name	position	position_group	headshot_url	season	week	season_type	game_id	team	opponent_team	completions	attempts	passing_yards	passing_tds	passing_interceptions	sacks_suffered	sack_yards_lost	sack_fumbles	sack_fumbles_lost	passing_air_yards	passing_yards_after_catch	passing_first_downs	passing_epa	passing_cpoe	passing_2pt_conversions	pacr	passing_10	passing_16	passing_20	passing_40	carries	rushing_yards	rushing_tds	rushing_fumbles	rushing_fumbles_lost	rushing_first_downs	rushing_epa	rushing_2pt_conversions	rushing_10	rushing_12	rushing_20	rushing_40	receptions	targets	receiving_yards	receiving_tds	receiving_fumbles	receiving_fumbles_lost	receiving_air_yards	receiving_yards_after_catch	receiving_first_downs	receiving_epa	receiving_2pt_conversions	receiving_10	receiving_16	receiving_20	receiving_40	racr	target_share	air_yards_share	wopr	special_teams_tds	def_tackles_solo	def_tackles_with_assist	def_tackle_assists	def_tackles_for_loss	def_tackles_for_loss_yards	def_fumbles_forced	def_sacks	def_sack_yards	def_qb_hits	def_interceptions	def_interception_yards	def_pass_defended	def_tds	def_fumbles	def_safeties	def_punt_blocks	def_pat_blocks	def_fg_blocks	def_2pt_atts	def_2pt_made	misc_yards	fumble_recovery_own	fumble_recovery_yards_own	fumble_recovery_opp	fumble_recovery_yards_opp	fumble_recovery_tds	penalties	penalty_yards	fumbles_forced_by_opp	fumbles_not_forced	fumbles_out_of_bounds	fumbles_total	fumbles_lost_total	punt_returns	punt_return_yards	kickoff_returns	kickoff_return_yards	fg_made	fg_att	fg_missed	fg_blocked	fg_long	fg_pct	fg_made_0_19	fg_made_20_29	fg_made_30_39	fg_made_40_49	fg_made_50_59	fg_made_60_	fg_missed_0_19	fg_missed_20_29	fg_missed_30_39	fg_missed_40_49	fg_missed_50_59	fg_missed_60_	fg_made_list	fg_missed_list	fg_blocked_list	fg_made_distance	fg_missed_distance	fg_blocked_distance	pat_made	pat_att	pat_missed	pat_blocked	pat_pct	gwfg_made	gwfg_att	gwfg_missed	gwfg_blocked	gwfg_distance	pt_att	pt_blocked	pt_long	pt_yards	pt_inside_20	pt_out_of_bounds	pt_downed	pt_touchback	pt_fair_caught	pt_returned	pt_return_yards	pt_return_tds	pt_net_yards	fantasy_points	fantasy_points_ppr
"00-0027940"	"V.Miller"	"Von Miller"	"OLB"	"LB"	"https://static.www.nfl.com/image/upload/f_auto,q_auto/league/cqkgo6uw5ha7bjajkewf"	2025	7	"REG"	"2025_07_WAS_DAL"	"WAS"	"DAL"	0	0	0	0	0	0	0	0	0	0	0	0	null	null	0	null	0	0	0	0	0	0	0	0	0	0	null	0	0	0	0	0	0	0	0	0	0	0	0	0	0	null	0	0	0	0	0	null	0	0	0	0	0	0	2	0	0	0	0.5	3.5	1	0	0	0	0	0	0	0	0	0	0	0	0	0	0	0	0	0	0	0	0	0	0	0	0	0	0	0	0	0	0	0	0	null	null	0	0	0	0	0	0	0	0	0	0	0	0	null	null	null	0	0	0	0	0	0	0	null	0	0	0	0	0	0	0	null	0	0	0	0	0	0	0	0	0	0	0	0
"00-0028292"	"N.Bellore"	"Nick Bellore"	"LB"	"LB"	"https://static.www.nfl.com/image/upload/f_auto,q_auto/league/wlj7zdf6h9p9dnhdtmih"	2025	7	"REG"	"2025_07_WAS_DAL"	"WAS"	"DAL"	0	0	0	0	0	0	0	0	0	0	0	0	null	null	0	null	0	0	0	0	0	0	0	0	0	0	null	0	0	0	0	0	0	0	0	0	0	0	0	0	0	null	0	0	0	0	0	null	0	0	0	0	1	0	2	0	0	0	0	0	0	0	0	0	0	0	0	0	0	0	0	0	0	0	0	0	0	0	0	0	0	0	0	0	0	0	0	0	0	0	0	0	0	null	null	0	0	0	0	0	0	0	0	0	0	0	0	null	null	null	0	0	0	0	0	0	0	null	0	0	0	0	0	0	0	null	0	0	0	0	0	0	0	0	0	0	0	0
"00-0029255"	"B.Wagner"	"Bobby Wagner"	"MLB"	"LB"	"https://static.www.nfl.com/image/upload/f_auto,q_auto/league/msulezmb9dk3klpgymoj"	2025	7	"REG"	"2025_07_WAS_DAL"	"WAS"	"DAL"	0	0	0	0	0	0	0	0	0	0	0	0	null	null	0	null	0	0	0	0	0	0	0	0	0	0	null	0	0	0	0	0	0	0	0	0	0	0	0	0	0	null	0	0	0	0	0	null	0	0	0	0	3	0	5	0	0	0	0	0	0	0	0	0	0	0	0	0	0	0	0	0	0	0	0	0	0	0	0	0	0	0	0	0	0	0	0	0	0	0	0	0	0	null	null	0	0	0	0	0	0	0	0	0	0	0	0	null	null	null	0	0	0	0	0	0	0	null	0	0	0	0	0	0	0	null	0	0	0	0	0	0	0	0	0	0	0	0
"00-0029692"	"B.Anger"	"Bryan Anger"	"P"	"SPEC"	"https://static.www.nfl.com/image/upload/f_auto,q_auto/league/e1fozrp2fhprrkheqt0x"	2025	7	"REG"	"2025_07_WAS_DAL"	"DAL"	"WAS"	0	0	0	0	0	0	0	0	0	0	0	0	null	null	0	null	0	0	0	0	0	0	0	0	0	0	null	0	0	0	0	0	0	0	0	0	0	0	0	0	0	null	0	0	0	0	0	null	0	0	0	0	0	0	0	0	0	0	0	0	0	0	0	0	0	0	0	0	0	0	0	0	0	0	0	0	0	0	0	0	0	0	0	0	0	0	0	0	0	0	0	0	0	null	null	0	0	0	0	0	0	0	0	0	0	0	0	null	null	null	0	0	0	0	0	0	0	null	0	0	0	0	0	3	0	49	128	2	0	0	0	2	1	8	0	120	0	0
"00-0030061"	"Z.Ertz"	"Zach Ertz"	"TE"	"TE"	"https://static.www.nfl.com/image/upload/f_auto,q_auto/league/xktmmeumuoglbuam75iz"	2025	7	"REG"	"2025_07_WAS_DAL"	"WAS"	"DAL"	0	0	0	0	0	0	0	0	0	0	0	0	null	null	0	null	0	0	0	0	0	0	0	0	0	0	null	0	0	0	0	0	3	7	37	1	0	0	78	13	2	-0.20510465401457623	0	1	1	1	0	0.47435897435897434	0.22580645161290322	0.2468354430379747	0.5114944875459371	0	0	0	0	0	0	0	0	0	0	0	0	0	0	0	0	0	0	0	0	0	0	0	0	0	0	0	0	0	0	0	0	0	0	0	0	0	0	0	0	0	0	null	null	0	0	0	0	0	0	0	0	0	0	0	0	null	null	null	0	0	0	0	0	0	0	null	0	0	0	0	0	0	0	null	0	0	0	0	0	0	0	0	0	0	9.7	12.7
"00-0030140"	"T.Way"	"Tress Way"	"P"	"SPEC"	"https://static.www.nfl.com/image/upload/f_auto,q_auto/league/u61eijcazx9o4lb0lwp3"	2025	7	"REG"	"2025_07_WAS_DAL"	"WAS"	"DAL"	0	0	0	0	0	0	0	0	0	0	0	0	null	null	0	null	0	0	0	0	0	0	0	0	0	0	null	0	0	0	0	0	0	0	0	0	0	0	0	0	0	null	0	0	0	0	0	null	0	0	0	0	0	0	0	0	0	0	0	0	0	0	0	0	0	0	0	0	0	0	0	0	0	0	0	0	0	0	0	0	0	0	0	0	0	0	0	0	0	0	0	0	0	null	null	0	0	0	0	0	0	0	0	0	0	0	0	null	null	null	0	0	0	0	0	0	0	null	0	0	0	0	0	5	0	60	286	1	0	2	1	0	2	4	0	262	0	0
"00-0031156"	"T.Ott"	"Tyler Ott"	"LS"	"SPEC"	"https://static.www.nfl.com/image/upload/f_auto,q_auto/league/qlrzepni32ykh7rjkdcy"	2025	7	"REG"	"2025_07_WAS_DAL"	"WAS"	"DAL"	0	0	0	0	0	0	0	0	0	0	0	0	null	null	0	null	0	0	0	0	0	0	0	0	0	0	null	0	0	0	0	0	0	0	0	0	0	0	0	0	0	null	0	0	0	0	0	null	0	0	0	0	0	0	0	0	0	0	0	0	0	0	0	0	0	0	0	0	0	0	0	0	0	0	0	0	0	0	1	5	0	0	0	0	0	0	0	0	0	0	0	0	0	null	null	0	0	0	0	0	0	0	0	0	0	0	0	null	null	null	0	0	0	0	0	0	0	null	0	0	0	0	0	0	0	null	0	0	0	0	0	0	0	0	0	0	0	0
"00-0031357"	"C.Goodwin"	"C.J. Goodwin"	"CB"	"DB"	"https://static.www.nfl.com/image/upload/f_auto,q_auto/league/txvnf4ecxcgg5heclsit"	2025	7	"REG"	"2025_07_WAS_DAL"	"DAL"	"WAS"	0	0	0	0	0	0	0	0	0	0	0	0	null	null	0	null	0	0	0	0	0	0	0	0	0	0	null	0	0	0	0	0	0	0	0	0	0	0	0	0	0	null	0	0	0	0	0	null	0	0	0	0	0	0	1	0	0	0	0	0	0	0	0	0	0	0	0	0	0	0	0	0	0	0	0	0	0	0	0	0	0	0	0	0	0	0	0	0	0	0	0	0	0	null	null	0	0	0	0	0	0	0	0	0	0	0	0	null	null	null	0	0	0	0	0	0	0	null	0	0	0	0	0	0	0	null	0	0	0	0	0	0	0	0	0	0	0	0
"00-0031364"	"J.Clowney"	"Jadeveon Clowney"	"DE"	"DL"	"https://static.www.nfl.com/image/upload/f_auto,q_auto/league/iururnv6x8iuzepggwvt"	2025	7	"REG"	"2025_07_WAS_DAL"	"DAL"	"WAS"	0	0	0	0	0	0	0	0	0	0	0	0	null	null	0	null	0	0	0	0	0	0	0	0	0	0	null	0	0	0	0	0	0	0	0	0	0	0	0	0	0	null	0	0	0	0	0	null	0	0	0	0	1	0	4	1	4	0	1	4	1	0	0	2	0	0	0	0	0	0	0	0	0	0	0	1	0	0	0	0	0	0	0	0	0	0	0	0	0	0	0	0	0	null	null	0	0	0	0	0	0	0	0	0	0	0	0	null	null	null	0	0	0	0	0	0	0	null	0	0	0	0	0	0	0	null	0	0	0	0	0	0	0	0	0	0	0	0
"00-0031935"	"P.Smith"	"Preston Smith"	"DE"	"DL"	"https://static.www.nfl.com/image/upload/f_auto,q_auto/league/etcwpdjr7xtc4gubw8gf"	2025	7	"REG"	"2025_07_WAS_DAL"	"WAS"	"DAL"	0	0	0	0	0	0	0	0	0	0	0	0	null	null	0	null	0	0	0	0	0	0	0	0	0	0	null	0	0	0	0	0	0	0	0	0	0	0	0	0	0	null	0	0	0	0	0	null	0	0	0	0	1	0	1	0	0	0	0	0	0	0	0	0	0	0	0	0	0	0	0	0	0	0	0	0	0	0	0	0	0	0	0	0	0	0	0	0	0	0	0	0	0	null	null	0	0	0	0	0	0	0	0	0	0	0	0	null	null	null	0	0	0	0	0	0	0	null	0	0	0	0	0	0	0	null	0	0	0	0	0	0	0	0	0	0	0	0
"00-0032052"	"D.Fowler"	"Dante Fowler Jr."	"DE"	"DL"	"https://static.www.nfl.com/image/upload/f_auto,q_auto/league/cp6ao2rf9siswpzctpt9"	2025	7	"REG"	"2025_07_WAS_DAL"	"DAL"	"WAS"	0	0	0	0	0	0	0	0	0	0	0	0	null	null	0	null	0	0	0	0	0	0	0	0	0	0	null	0	0	0	0	0	0	0	0	0	0	0	0	0	0	null	0	0	0	0	0	null	0	0	0	0	1	0	0	1	2	0	0	0	1	0	0	0	0	0	0	0	0	0	0	0	0	0	0	0	0	0	0	0	0	0	0	0	0	0	0	0	0	0	0	0	0	null	null	0	0	0	0	0	0	0	0	0	0	0	0	null	null	null	0	0	0	0	0	0	0	null	0	0	0	0	0	0	0	null	0	0	0	0	0	0	0	0	0	0	0	0
"00-0032268"	"M.Mariota"	"Marcus Mariota"	"QB"	"QB"	"https://static.www.nfl.com/image/upload/f_auto,q_auto/league/grx6m1fmu1odltjo3y31"	2025	7	"REG"	"2025_07_WAS_DAL"	"WAS"	"DAL"	4	10	63	0	1	2	-9	0	0	121	19	2	-14.07168677879963	-16.787625551223755	0	0.5206611570247934	3	2	1	0	2	34	0	0	0	1	2.7019677372882143	0	1	1	1	0	0	0	0	0	0	0	0	0	0	null	0	0	0	0	0	null	0	0	0	0	0	0	0	0	0	0	0	0	0	0	0	0	0	0	0	0	0	0	0	0	0	0	0	0	0	0	0	0	0	0	0	0	0	0	0	0	0	0	0	0	0	null	null	0	0	0	0	0	0	0	0	0	0	0	0	null	null	null	0	0	0	0	0	0	0	null	0	0	0	0	0	0	0	null	0	0	0	0	0	0	0	0	0	0	3.9200000000000004	3.9200000000000004
"00-0032398"	"C.Moore"	"Chris Moore"	"WR"	"WR"	"https://static.www.nfl.com/image/upload/f_auto,q_auto/league/o0s29hnpztyxqotqdx8h"	2025	7	"REG"	"2025_07_WAS_DAL"	"WAS"	"DAL"	0	0	0	0	0	0	0	0	0	0	0	0	null	null	0	null	0	0	0	0	0	0	0	0	0	0	null	0	0	0	0	0	2	5	59	0	0	0	73	28	2	3.183148729731329	0	2	1	1	1	0.8082191780821918	0.16129032258064516	0.2310126582278481	0.4036443446304614	0	0	0	0	0	0	0	0	0	0	0	0	0	0	0	0	0	0	0	0	0	0	0	0	0	0	0	0	0	0	0	0	0	0	0	0	0	0	0	0	0	0	null	null	0	0	0	0	0	0	0	0	0	0	0	0	null	null	null	0	0	0	0	0	0	0	null	0	0	0	0	0	0	0	null	0	0	0	0	0	0	0	0	0	0	5.9	7.9
"00-0032580"	"J.Jones"	"Jonathan Jones"	"DB"	"DB"	"https://static.www.nfl.com/image/upload/f_auto,q_auto/league/dtvgbbw3jqdekkq155hl"	2025	7	"REG"	"2025_07_WAS_DAL"	"WAS"	"DAL"	0	0	0	0	0	0	0	0	0	0	0	0	null	null	0	null	0	0	0	0	0	0	0	0	0	0	null	0	0	0	0	0	0	0	0	0	0	0	0	0	0	null	0	0	0	0	0	null	0	0	0	0	1	0	0	0	0	0	0	0	0	0	0	0	0	0	0	0	0	0	0	0	0	0	0	0	0	0	0	0	0	0	0	0	0	0	0	0	0	0	0	0	0	null	null	0	0	0	0	0	0	0	0	0	0	0	0	null	null	null	0	0	0	0	0	0	0	null	0	0	0	0	0	0	0	null	0	0	0	0	0	0	0	0	0	0	0	0
"00-0032688"	"R.Chosen"	"Robbie Chosen"	"WR"	"WR"	"https://static.www.nfl.com/image/upload/f_auto,q_auto/league/kz2hbymqgrobo1uynciv"	2025	7	"REG"	"2025_07_WAS_DAL"	"WAS"	"DAL"	0	0	0	0	0	0	0	0	0	0	0	0	null	null	0	null	0	0	0	0	0	0	0	0	0	0	null	0	0	0	0	0	4	4	36	0	0	0	31	5	1	1.7568496270105243	0	2	0	0	0	1.1612903225806452	0.12903225806451613	0.0981012658227848	0.26221927317272353	0	0	0	0	0	0	0	0	0	0	0	0	0	0	0	0	0	0	0	0	0	0	0	0	0	0	0	0	0	0	0	0	0	0	0	0	0	0	0	0	0	0	null	null	0	0	0	0	0	0	0	0	0	0	0	0	null	null	null	0	0	0	0	0	0	0	null	0	0	0	0	0	0	0	null	0	0	0	0	0	0	0	0	0	0	3.6	7.6
"00-0033010"	"S.Day"	"Sheldon Day"	"DT"	"DL"	"https://static.www.nfl.com/image/upload/f_auto,q_auto/league/cxw7fnka7letqbn7e1h3"	2025	7	"REG"	"2025_07_WAS_DAL"	"WAS"	"DAL"	0	0	0	0	0	0	0	0	0	0	0	0	null	null	0	null	0	0	0	0	0	0	0	0	0	0	null	0	0	0	0	0	0	0	0	0	0	0	0	0	0	null	0	0	0	0	0	null	0	0	0	0	2	0	2	0	0	0	0	0	0	0	0	0	0	0	0	0	0	0	0	0	0	0	0	0	0	0	0	0	0	0	0	0	0	0	0	0	0	0	0	0	0	null	null	0	0	0	0	0	0	0	0	0	0	0	0	null	null	null	0	0	0	0	0	0	0	null	0	0	0	0	0	0	0	null	0	0	0	0	0	0	0	0	0	0	0	0
"00-0033077"	"D.Prescott"	"Dak Prescott"	"QB"	"QB"	"https://static.www.nfl.com/image/upload/f_auto,q_auto/league/yvscmqq1qki8zfsemmcd"	2025	7	"REG"	"2025_07_WAS_DAL"	"DAL"	"WAS"	21	30	264	3	0	1	-7	0	0	212	135	11	7.193154708318104	0.4078780611356099	0	1.2452830188679245	9	5	3	2	5	7	0	1	0	1	0.24554991448530927	0	0	0	0	0	0	0	0	0	0	0	0	0	0	null	0	0	0	0	0	null	0	0	0	0	0	0	0	0	0	0	0	0	0	0	0	0	0	0	0	0	0	0	0	0	0	1	-2	0	0	0	0	0	0	1	0	1	0	0	0	0	0	0	0	0	0	null	null	0	0	0	0	0	0	0	0	0	0	0	0	null	null	null	0	0	0	0	0	0	0	null	0	0	0	0	0	0	0	null	0	0	0	0	0	0	0	0	0	0	23.26	23.26
"00-0033870"	"S.Thomas"	"Solomon Thomas"	"DE"	"DL"	"https://static.www.nfl.com/image/upload/f_auto,q_auto/league/zgn4b0p7ezoqdqpto9lb"	2025	7	"REG"	"2025_07_WAS_DAL"	"DAL"	"WAS"	0	0	0	0	0	0	0	0	0	0	0	0	null	null	0	null	0	0	0	0	0	0	0	0	0	0	null	0	0	0	0	0	0	0	0	0	0	0	0	0	0	null	0	0	0	0	0	null	0	0	0	0	1	0	0	0	0	0	0	0	0	0	0	0	0	0	0	0	0	0	0	0	0	0	0	0	0	0	0	0	0	0	0	0	0	0	0	0	0	0	0	0	0	null	null	0	0	0	0	0	0	0	0	0	0	0	0	null	null	null	0	0	0	0	0	0	0	null	0	0	0	0	0	0	0	null	0	0	0	0	0	0	0	0	0	0	0	0
"00-0033874"	"M.Lattimore"	"Marshon Lattimore"	"CB"	"DB"	"https://static.www.nfl.com/image/upload/f_auto,q_auto/league/z4npwlwl5teozc1lp8ky"	2025	7	"REG"	"2025_07_WAS_DAL"	"WAS"	"DAL"	0	0	0	0	0	0	0	0	0	0	0	0	null	null	0	null	0	0	0	0	0	0	0	0	0	0	null	0	0	0	0	0	0	0	0	0	0	0	0	0	0	null	0	0	0	0	0	null	0	0	0	0	3	0	1	0	0	0	0	0	0	0	0	1	0	0	0	0	0	0	0	0	0	0	0	0	0	0	2	55	0	0	0	0	0	0	0	0	0	0	0	0	0	null	null	0	0	0	0	0	0	0	0	0	0	0	0	null	null	null	0	0	0	0	0	0	0	null	0	0	0	0	0	0	0	null	0	0	0	0	0	0	0	0	0	0	0	0
"00-0033955"	"J.McNichols"	"Jeremy McNichols"	"RB"	"RB"	"https://static.www.nfl.com/image/upload/f_auto,q_auto/league/xcrgrtlk6ukrshtlnr5e"	2025	7	"REG"	"2025_07_WAS_DAL"	"WAS"	"DAL"	0	0	0	0	0	0	0	0	0	0	0	0	null	null	0	null	0	0	0	0	2	22	0	0	0	1	1.581082398595754	0	1	1	0	0	2	3	23	0	0	0	1	28	1	-8.004777519963682	0	2	0	0	0	23	0.0967741935483871	0.0031645569620253164	0.14737648019599836	0	0	0	0	0	0	0	0	0	0	0	0	0	0	0	0	0	0	0	0	0	0	0	0	0	0	0	0	0	0	0	0	0	0	0	0	0	0	0	0	0	0	null	null	0	0	0	0	0	0	0	0	0	0	0	0	null	null	null	0	0	0	0	0	0	0	null	0	0	0	0	0	0	0	null	0	0	0	0	0	0	0	0	0	0	4.5	6.5
"00-0034163"	"J.Martin"	"Jacob Martin"	"DE"	"DL"	"https://static.www.nfl.com/image/upload/f_auto,q_auto/league/iq7og8epwftb1wl8aghd"	2025	7	"REG"	"2025_07_WAS_DAL"	"WAS"	"DAL"	0	0	0	0	0	0	0	0	0	0	0	0	null	null	0	null	0	0	0	0	0	0	0	0	0	0	null	0	0	0	0	0	0	0	0	0	0	0	0	0	0	null	0	0	0	0	0	null	0	0	0	0	0	0	4	0	0	0	0.5	3.5	3	0	0	0	0	0	0	0	0	0	0	0	0	0	0	0	0	0	1	15	0	0	0	0	0	0	0	0	0	0	0	0	0	null	null	0	0	0	0	0	0	0	0	0	0	0	0	null	null	null	0	0	0	0	0	0	0	null	0	0	0	0	0	0	0	null	0	0	0	0	0	0	0	0	0	0	0	0
"00-0034302"	"F.Luvu"	"Frankie Luvu"	"LB"	"LB"	"https://static.www.nfl.com/image/upload/f_auto,q_auto/league/a42s7i0njohztuhxz13p"	2025	7	"REG"	"2025_07_WAS_DAL"	"WAS"	"DAL"	0	0	0	0	0	0	0	0	0	0	0	0	null	null	0	null	0	0	0	0	0	0	0	0	0	0	null	0	0	0	0	0	0	0	0	0	0	0	0	0	0	null	0	0	0	0	0	null	0	0	0	0	1	2	3	2	4	0	0	0	0	0	0	0	0	0	0	0	0	0	0	0	0	0	0	0	0	0	0	0	0	0	0	0	0	0	0	0	0	0	0	0	0	null	null	0	0	0	0	0	0	0	0	0	0	0	0	null	null	null	0	0	0	0	0	0	0	null	0	0	0	0	0	0	0	null	0	0	0	0	0	0	0	0	0	0	0	0
"00-0034333"	"D.Payne"	"Daron Payne"	"NT"	"DL"	"https://static.www.nfl.com/image/upload/f_auto,q_auto/league/fyaqgxzjicgbmrethav3"	2025	7	"REG"	"2025_07_WAS_DAL"	"WAS"	"DAL"	0	0	0	0	0	0	0	0	0	0	0	0	null	null	0	null	0	0	0	0	0	0	0	0	0	0	null	0	0	0	0	0	0	0	0	0	0	0	0	0	0	null	0	0	0	0	0	null	0	0	0	0	0	1	4	1	1	0	0	0	1	0	0	3	0	0	1	0	0	0	0	0	0	0	0	0	0	0	0	0	0	0	0	0	0	0	0	0	0	0	0	0	0	null	null	0	0	0	0	0	0	0	0	0	0	0	0	null	null	null	0	0	0	0	0	0	0	null	0	0	0	0	0	0	0	null	0	0	0	0	0	0	0	0	0	0	0	0
"00-0034465"	"J.Reaves"	"Jeremy Reaves"	"DB"	"DB"	"https://static.www.nfl.com/image/upload/f_auto,q_auto/league/kwmtxcogvel516q4ws86"	2025	7	"REG"	"2025_07_WAS_DAL"	"WAS"	"DAL"	0	0	0	0	0	0	0	0	0	0	0	0	null	null	0	null	0	0	0	0	0	0	0	0	0	0	null	0	0	0	0	0	0	0	0	0	0	0	0	0	0	null	0	0	0	0	0	null	0	0	0	0	2	0	2	0	0	0	0	0	0	0	0	0	0	0	0	0	0	0	0	0	0	0	0	0	0	0	0	0	0	0	0	0	0	0	0	0	0	0	0	0	0	null	null	0	0	0	0	0	0	0	0	0	0	0	0	null	null	null	0	0	0	0	0	0	0	null	0	0	0	0	0	0	0	null	0	0	0	0	0	0	0	0	0	0	0	0
"00-0034968"	"D.Savage"	"Darnell Savage"	"SAF"	"DB"	"https://static.www.nfl.com/image/upload/f_auto,q_auto/league/oahujzgwcvkeyc9qpqrb"	2025	7	"REG"	"2025_07_WAS_DAL"	"WAS"	"DAL"	0	0	0	0	0	0	0	0	0	0	0	0	null	null	0	null	0	0	0	0	0	0	0	0	0	0	null	0	0	0	0	0	0	0	0	0	0	0	0	0	0	null	0	0	0	0	0	null	0	0	0	0	1	0	2	0	0	0	0	0	0	0	0	1	0	0	0	0	0	0	0	0	0	0	0	0	0	0	0	0	0	0	0	0	0	0	0	0	0	0	0	0	0	null	null	0	0	0	0	0	0	0	0	0	0	0	0	null	null	null	0	0	0	0	0	0	0	null	0	0	0	0	0	0	0	null	0	0	0	0	0	0	0	0	0	0	0	0
"00-0035269"	"M.Gay"	"Matt Gay"	"K"	"SPEC"	"https://static.www.nfl.com/image/upload/f_auto,q_auto/league/opglxpqmhu21eydoyvg2"	2025	7	"REG"	"2025_07_WAS_DAL"	"WAS"	"DAL"	0	0	0	0	0	0	0	0	0	0	0	0	null	null	0	null	0	0	0	0	0	0	0	0	0	0	null	0	0	0	0	0	0	0	0	0	0	0	0	0	0	null	0	0	0	0	0	null	0	0	0	0	0	0	0	0	0	0	0	0	0	0	0	0	0	0	0	0	0	0	0	0	0	0	0	0	0	0	1	0	0	0	0	0	0	0	0	0	0	0	0	0	0	null	null	0	0	0	0	0	0	0	0	0	0	0	0	null	null	null	0	0	0	2	2	0	0	1	0	0	0	0	0	0	0	null	0	0	0	0	0	0	0	0	0	0	0	0
"00-0035301"	"D.Wilson"	"Donovan Wilson"	"SAF"	"DB"	"https://static.www.nfl.com/image/upload/f_auto,q_auto/league/fl10d0bhrvfrqkjamcgp"	2025	7	"REG"	"2025_07_WAS_DAL"	"DAL"	"WAS"	0	0	0	0	0	0	0	0	0	0	0	0	null	null	0	null	0	0	0	0	0	0	0	0	0	0	null	0	0	0	0	0	0	0	0	0	0	0	0	0	0	null	0	0	0	0	0	null	0	0	0	0	1	0	0	0	0	0	0	0	0	0	0	0	0	0	0	0	0	0	0	0	0	0	0	0	0	0	0	0	0	0	0	0	0	0	0	0	0	0	0	0	0	null	null	0	0	0	0	0	0	0	0	0	0	0	0	null	null	null	0	0	0	0	0	0	0	null	0	0	0	0	0	0	0	null	0	0	0	0	0	0	0	0	0	0	0	0
"00-0036260"	"J.Kinlaw"	"Javon Kinlaw"	"DT"	"DL"	"https://static.www.nfl.com/image/upload/f_auto,q_auto/league/jxqkukux4rgfpp5eekyo"	2025	7	"REG"	"2025_07_WAS_DAL"	"WAS"	"DAL"	0	0	0	0	0	0	0	0	0	0	0	0	null	null	0	null	0	0	0	0	0	0	0	0	0	0	null	0	0	0	0	0	0	0	0	0	0	0	0	0	0	null	0	0	0	0	0	null	0	0	0	0	0	0	1	0	0	0	0	0	0	0	0	0	0	0	0	0	0	0	0	0	0	0	0	0	0	0	0	0	0	0	0	0	0	0	0	0	0	0	0	0	0	null	null	0	0	0	0	0	0	0	0	0	0	0	0	null	null	null	0	0	0	0	0	0	0	null	0	0	0	0	0	0	0	null	0	0	0	0	0	0	0	0	0	0	0	0
"00-0036358"	"C.Lamb"	"CeeDee Lamb"	"WR"	"WR"	"https://static.www.nfl.com/image/upload/f_auto,q_auto/league/mbblzwtynxr15ovzkevi"	2025	7	"REG"	"2025_07_WAS_DAL"	"DAL"	"WAS"	0	0	0	0	0	0	0	0	0	0	0	0	null	null	0	null	0	0	0	0	0	0	0	0	0	0	null	0	0	0	0	0	5	8	110	1	0	0	83	60	3	4.082286024324507	0	3	1	1	1	1.3253012048192772	0.26666666666666666	0.3915094339622642	0.6740566037735849	0	0	0	0	0	0	0	0	0	0	0	0	0	0	0	0	0	0	0	0	0	0	0	0	0	0	0	1	10	0	0	0	0	0	0	0	0	0	0	0	0	0	null	null	0	0	0	0	0	0	0	0	0	0	0	0	null	null	null	0	0	0	0	0	0	0	null	0	0	0	0	0	0	0	null	0	0	0	0	0	0	0	0	0	0	17	22
"00-0036441"	"K.Murray"	"Kenneth Murray, Jr."	"LB"	"LB"	"https://static.www.nfl.com/image/upload/f_auto,q_auto/league/up14o9gpznxgcvc5xtqh"	2025	7	"REG"	"2025_07_WAS_DAL"	"DAL"	"WAS"	0	0	0	0	0	0	0	0	0	0	0	0	null	null	0	null	0	0	0	0	0	0	0	0	0	0	null	0	0	0	0	0	0	0	0	0	0	0	0	0	0	null	0	0	0	0	0	null	0	0	0	0	6	0	3	2	2	0	1	1	0	0	0	0	0	0	0	0	0	0	0	0	0	0	0	0	0	0	1	5	0	0	0	0	0	0	0	0	0	0	0	0	0	null	null	0	0	0	0	0	0	0	0	0	0	0	0	null	null	null	0	0	0	0	0	0	0	null	0	0	0	0	0	0	0	null	0	0	0	0	0	0	0	0	0	0	0	0
"00-0036618"	"S.Cosmi"	"Sam Cosmi"	"OT"	"OL"	"https://static.www.nfl.com/image/upload/f_auto,q_auto/league/hje3hb60snyi7oworbbi"	2025	7	"REG"	"2025_07_WAS_DAL"	"WAS"	"DAL"	0	0	0	0	0	0	0	0	0	0	0	0	null	null	0	null	0	0	0	0	0	0	0	0	0	0	null	0	0	0	0	0	0	0	0	0	0	0	0	0	0	null	0	0	0	0	0	null	0	0	0	0	0	0	0	0	0	0	0	0	0	0	0	0	0	0	0	0	0	0	0	0	0	0	0	0	0	0	1	5	0	0	0	0	0	0	0	0	0	0	0	0	0	null	null	0	0	0	0	0	0	0	0	0	0	0	0	null	null	null	0	0	0	0	0	0	0	null	0	0	0	0	0	0	0	null	0	0	0	0	0	0	0	0	0	0	0	0
"00-0036628"	"J.Bates"	"John Bates"	"TE"	"TE"	"https://static.www.nfl.com/image/upload/f_auto,q_auto/league/sqaiwpind6kk4ns4acql"	2025	7	"REG"	"2025_07_WAS_DAL"	"WAS"	"DAL"	0	0	0	0	0	0	0	0	0	0	0	0	null	null	0	null	0	0	0	0	0	0	0	0	0	0	null	0	0	0	0	0	1	2	5	0	0	0	-3	3	0	-0.35211206250824034	0	0	0	0	0	0	0.06451612903225806	-0.00949367088607595	0.09012862392813394	0	0	0	0	0	0	0	0	0	0	0	0	0	0	0	0	0	0	0	0	0	0	0	0	0	0	0	0	0	0	0	0	0	0	0	0	0	0	0	0	0	0	null	null	0	0	0	0	0	0	0	0	0	0	0	0	null	null	null	0	0	0	0	0	0	0	null	0	0	0	0	0	0	0	null	0	0	0	0	0	0	0	0	0	0	0.5	1.5
"00-0036942"	"O.Odighizuwa"	"Osa Odighizuwa"	"DT"	"DL"	"https://static.www.nfl.com/image/upload/f_auto,q_auto/league/qselmahxlopzx8spnchw"	2025	7	"REG"	"2025_07_WAS_DAL"	"DAL"	"WAS"	0	0	0	0	0	0	0	0	0	0	0	0	null	null	0	null	0	0	0	0	0	0	0	0	0	0	null	0	0	0	0	0	0	0	0	0	0	0	0	0	0	null	0	0	0	0	0	null	0	0	0	0	0	0	1	0	0	0	0	0	0	0	0	0	0	0	0	0	0	0	0	0	0	0	0	0	0	0	1	5	0	0	0	0	0	0	0	0	0	0	0	0	0	null	null	0	0	0	0	0	0	0	0	0	0	0	0	null	null	null	0	0	0	0	0	0	0	null	0	0	0	0	0	0	0	null	0	0	0	0	0	0	0	0	0	0	0	0
"00-0036997"	"J.Williams"	"Javonte Williams"	"RB"	"RB"	"https://static.www.nfl.com/image/upload/f_auto,q_auto/league/xvwroirev2kie6oiphtz"	2025	7	"REG"	"2025_07_WAS_DAL"	"DAL"	"WAS"	0	0	0	0	0	0	0	0	0	0	0	0	null	null	0	null	0	0	0	0	19	116	1	0	0	4	0.2791418346168939	0	2	2	1	0	1	4	2	0	0	0	-7	6	0	-3.817873322211419	0	0	0	0	0	-0.2857142857142857	0.13333333333333333	-0.0330188679245283	0.1768867924528302	0	0	0	0	0	0	0	0	0	0	0	0	0	0	0	0	0	0	0	0	0	0	0	0	0	0	0	0	0	0	0	0	0	0	0	0	0	0	0	0	0	0	null	null	0	0	0	0	0	0	0	0	0	0	0	0	null	null	null	0	0	0	0	0	0	0	null	0	0	0	0	0	0	0	null	0	0	0	0	0	0	0	0	0	0	17.8	18.8
"00-0037242"	"K.Elam"	"Kaiir Elam"	"CB"	"DB"	"https://static.www.nfl.com/image/upload/f_auto,q_auto/league/ye7stldje2waxyyjukvw"	2025	7	"REG"	"2025_07_WAS_DAL"	"DAL"	"WAS"	0	0	0	0	0	0	0	0	0	0	0	0	null	null	0	null	0	0	0	0	0	0	0	0	0	0	null	0	0	0	0	0	0	0	0	0	0	0	0	0	0	null	0	0	0	0	0	null	0	0	0	0	2	0	2	0	0	0	0	0	0	0	0	1	0	0	0	0	0	0	0	0	0	0	0	0	0	0	1	14	0	0	0	0	0	0	0	0	0	0	0	0	0	null	null	0	0	0	0	0	0	0	0	0	0	0	0	null	null	null	0	0	0	0	0	0	0	null	0	0	0	0	0	0	0	null	0	0	0	0	0	0	0	0	0	0	0	0
"00-0037243"	"T.Smith"	"Tyler Smith"	"OT"	"OL"	"https://static.www.nfl.com/image/upload/f_auto,q_auto/league/gdosyozck6qewvzmpag2"	2025	7	"REG"	"2025_07_WAS_DAL"	"DAL"	"WAS"	0	0	0	0	0	0	0	0	0	0	0	0	null	null	0	null	0	0	0	0	0	0	0	0	0	0	null	0	0	0	0	0	0	0	0	0	0	0	0	0	0	null	0	0	0	0	0	null	0	0	0	0	0	0	0	0	0	0	0	0	0	0	0	0	0	0	0	0	0	0	0	0	0	0	0	0	0	0	1	10	0	0	0	0	0	0	0	0	0	0	0	0	0	null	null	0	0	0	0	0	0	0	0	0	0	0	0	null	null	null	0	0	0	0	0	0	0	null	0	0	0	0	0	0	0	null	0	0	0	0	0	0	0	0	0	0	0	0
"00-0037247"	"G.Pickens"	"George Pickens"	"WR"	"WR"	"https://static.www.nfl.com/image/upload/f_auto,q_auto/league/cbpyykoguf7rsxezqzvk"	2025	7	"REG"	"2025_07_WAS_DAL"	"DAL"	"WAS"	0	0	0	0	0	0	0	0	0	0	0	0	null	null	0	null	0	0	0	0	0	0	0	0	0	0	null	0	0	0	0	0	4	6	82	0	0	0	112	6	3	3.80362389649963	0	3	2	2	1	0.7321428571428571	0.2	0.5283018867924528	0.6698113207547169	0	0	0	0	0	0	0	0	0	0	0	0	0	0	0	0	0	0	0	0	0	0	0	0	0	0	0	0	0	0	0	0	0	0	0	0	0	0	0	0	0	0	null	null	0	0	0	0	0	0	0	0	0	0	0	0	null	null	null	0	0	0	0	0	0	0	null	0	0	0	0	0	0	0	null	0	0	0	0	0	0	0	0	0	0	8.200000000000001	12.200000000000001
"00-0037275"	"D.Bland"	"DaRon Bland"	"CB"	"DB"	"https://static.www.nfl.com/image/upload/f_auto,q_auto/league/z07adznf3gtvfusy8azb"	2025	7	"REG"	"2025_07_WAS_DAL"	"DAL"	"WAS"	0	0	0	0	0	0	0	0	0	0	0	0	null	null	0	null	0	0	0	0	0	0	0	0	0	0	null	0	0	0	0	0	0	0	0	0	0	0	0	0	0	null	0	0	0	0	0	null	0	0	0	0	5	0	2	0	0	0	0	0	0	1	68	1	1	0	0	0	0	0	0	0	0	0	0	0	0	0	0	0	0	0	0	0	0	0	0	0	0	0	0	0	0	null	null	0	0	0	0	0	0	0	0	0	0	0	0	null	null	null	0	0	0	0	0	0	0	null	0	0	0	0	0	0	0	null	0	0	0	0	0	0	0	0	0	0	0	0
"00-0037310"	"J.Houston"	"James Houston"	"LB"	"LB"	"https://static.www.nfl.com/image/upload/f_auto,q_auto/league/zmjl8vpdr8fjeefnsnec"	2025	7	"REG"	"2025_07_WAS_DAL"	"DAL"	"WAS"	0	0	0	0	0	0	0	0	0	0	0	0	null	null	0	null	0	0	0	0	0	0	0	0	0	0	null	0	0	0	0	0	0	0	0	0	0	0	0	0	0	null	0	0	0	0	0	null	0	0	0	0	1	0	1	0	0	0	0	0	1	0	0	0	0	0	0	0	0	0	0	0	0	0	0	0	0	0	0	0	0	0	0	0	0	0	0	0	0	0	0	0	0	null	null	0	0	0	0	0	0	0	0	0	0	0	0	null	null	null	0	0	0	0	0	0	0	null	0	0	0	0	0	0	0	null	0	0	0	0	0	0	0	0	0	0	0	0
"00-0037561"	"M.Bell"	"Markquese Bell"	"SAF"	"DB"	"https://static.www.nfl.com/image/upload/f_auto,q_auto/league/wdantov1g2bbtjf4chpx"	2025	7	"REG"	"2025_07_WAS_DAL"	"DAL"	"WAS"	0	0	0	0	0	0	0	0	0	0	0	0	null	null	0	null	0	0	0	0	0	0	0	0	0	0	null	0	0	0	0	0	0	0	0	0	0	0	0	0	0	null	0	0	0	0	0	null	0	0	0	0	4	0	2	0	0	0	0	0	0	0	0	1	0	0	0	0	0	0	0	0	0	0	0	0	0	0	0	0	0	0	0	0	0	0	0	0	0	0	0	0	0	null	null	0	0	0	0	0	0	0	0	0	0	0	0	null	null	null	0	0	0	0	0	0	0	null	0	0	0	0	0	0	0	null	0	0	0	0	0	0	0	0	0	0	0	0
"00-0037563"	"M.Davis"	"Malik Davis"	"RB"	"RB"	"https://static.www.nfl.com/image/upload/f_auto,q_auto/league/zvranxxyt8qeihn8c2q9"	2025	7	"REG"	"2025_07_WAS_DAL"	"DAL"	"WAS"	0	0	0	0	0	0	0	0	0	0	0	0	null	null	0	null	0	0	0	0	0	0	0	0	0	0	null	0	0	0	0	0	0	0	0	0	0	0	0	0	0	null	0	0	0	0	0	null	0	0	0	0	2	0	1	0	0	0	0	0	0	0	0	0	0	0	0	0	0	0	0	0	0	0	0	0	0	0	0	0	0	0	0	0	0	0	0	0	0	0	0	0	0	null	null	0	0	0	0	0	0	0	0	0	0	0	0	null	null	null	0	0	0	0	0	0	0	null	0	0	0	0	0	0	0	null	0	0	0	0	0	0	0	0	0	0	0	0
"00-0037666"	"J.Tolbert"	"Jalen Tolbert"	"WR"	"WR"	"https://static.www.nfl.com/image/upload/f_auto,q_auto/league/dthrzudnyh1mcrh1det2"	2025	7	"REG"	"2025_07_WAS_DAL"	"DAL"	"WAS"	0	0	0	0	0	0	0	0	0	0	0	0	null	null	0	null	0	0	0	0	0	0	0	0	0	0	null	0	0	0	0	0	1	2	16	0	0	0	33	0	1	0.35324820096138865	0	1	1	0	0	0.48484848484848486	0.06666666666666667	0.15566037735849056	0.20896226415094338	0	0	0	0	0	0	0	0	0	0	0	0	0	0	0	0	0	0	0	0	0	0	0	0	0	0	0	1	10	0	0	0	0	0	0	0	0	0	0	0	0	0	null	null	0	0	0	0	0	0	0	0	0	0	0	0	null	null	null	0	0	0	0	0	0	0	null	0	0	0	0	0	0	0	null	0	0	0	0	0	0	0	0	0	0	1.6	2.6
"00-0037692"	"B.Aubrey"	"Brandon Aubrey"	"K"	"SPEC"	"https://static.www.nfl.com/image/upload/f_auto,q_auto/league/bgwg06zmyohjxvzznbf6"	2025	7	"REG"	"2025_07_WAS_DAL"	"DAL"	"WAS"	0	0	0	0	0	0	0	0	0	0	0	0	null	null	0	null	0	0	0	0	0	0	0	0	0	0	null	0	0	0	0	0	0	0	0	0	0	0	0	0	0	null	0	0	0	0	0	null	0	0	0	0	0	0	0	0	0	0	0	0	0	0	0	0	0	0	0	0	0	0	0	0	0	0	0	0	0	0	1	0	0	0	0	0	0	0	0	0	0	3	3	0	0	61	1	0	1	0	1	0	1	0	0	0	0	0	0	"47;61;29"	null	null	137	0	0	5	5	0	0	1	0	0	0	0	0	0	0	null	0	0	0	0	0	0	0	0	0	0	0	0
"00-0037801"	"K.Turpin"	"KaVontae Turpin"	"WR"	"WR"	"https://static.www.nfl.com/image/upload/f_auto,q_auto/league/tayjlp1hgmm6rewgl1k4"	2025	7	"REG"	"2025_07_WAS_DAL"	"DAL"	"WAS"	0	0	0	0	0	0	0	0	0	0	0	0	null	null	0	null	0	0	0	0	0	0	0	0	0	0	null	0	0	0	0	0	1	1	17	0	0	0	-4	21	1	1.1552239393349737	0	1	1	0	0	0	0.03333333333333333	-0.018867924528301886	0.036792452830188685	0	0	0	0	0	0	0	0	0	0	0	0	0	0	0	0	0	0	0	0	0	0	0	0	0	0	0	0	0	0	0	0	0	0	2	4	3	80	0	0	0	0	null	null	0	0	0	0	0	0	0	0	0	0	0	0	null	null	null	0	0	0	0	0	0	0	null	0	0	0	0	0	0	0	null	0	0	0	0	0	0	0	0	0	0	1.7000000000000002	2.7
"00-0038041"	"J.Ferguson"	"Jake Ferguson"	"TE"	"TE"	"https://static.www.nfl.com/image/upload/f_auto,q_auto/league/xpykb0tbosfwsn6dqstb"	2025	7	"REG"	"2025_07_WAS_DAL"	"DAL"	"WAS"	0	0	0	0	0	0	0	0	0	0	0	0	null	null	0	null	0	0	0	0	0	0	0	0	0	0	null	0	0	0	0	0	7	7	29	2	0	0	7	22	3	3.1903264077554923	0	1	0	0	0	4.142857142857143	0.23333333333333334	0.0330188679245283	0.3731132075471698	0	0	0	0	0	0	0	0	0	0	0	0	0	0	0	0	0	0	0	0	0	0	0	0	0	0	0	0	0	0	0	0	0	0	0	0	0	0	0	0	0	0	null	null	0	0	0	0	0	0	0	0	0	0	0	0	null	null	null	0	0	0	0	0	0	0	null	0	0	0	0	0	0	0	null	0	0	0	0	0	0	0	0	0	0	14.9	21.9
"00-0038100"	"P.Butler"	"Percy Butler"	"SAF"	"DB"	"https://static.www.nfl.com/image/upload/f_auto,q_auto/league/uqx9zb1asrcvsenbus1p"	2025	7	"REG"	"2025_07_WAS_DAL"	"WAS"	"DAL"	0	0	0	0	0	0	0	0	0	0	0	0	null	null	0	null	0	0	0	0	0	0	0	0	0	0	null	0	0	0	0	0	0	0	0	0	0	0	0	0	0	null	0	0	0	0	0	null	0	0	0	0	1	0	0	0	0	0	0	0	0	0	0	0	0	0	0	0	0	0	0	0	0	0	0	0	0	0	0	0	0	0	0	0	0	0	0	0	0	0	0	0	0	null	null	0	0	0	0	0	0	0	0	0	0	0	0	null	null	null	0	0	0	0	0	0	0	null	0	0	0	0	0	0	0	null	0	0	0	0	0	0	0	0	0	0	0	0
"00-0038545"	"M.Smith"	"Mazi Smith"	"DT"	"DL"	"https://static.www.nfl.com/image/upload/f_auto,q_auto/league/kgoofjfxbyjfjgcr5bcz"	2025	7	"REG"	"2025_07_WAS_DAL"	"DAL"	"WAS"	0	0	0	0	0	0	0	0	0	0	0	0	null	null	0	null	0	0	0	0	0	0	0	0	0	0	null	0	0	0	0	0	0	0	0	0	0	0	0	0	0	null	0	0	0	0	0	null	0	0	0	0	0	0	1	0	0	0	0	0	0	0	0	0	0	0	0	0	0	0	0	0	0	0	0	0	0	0	0	0	0	0	0	0	0	0	0	0	0	0	0	0	0	null	null	0	0	0	0	0	0	0	0	0	0	0	0	null	null	null	0	0	0	0	0	0	0	null	0	0	0	0	0	0	0	null	0	0	0	0	0	0	0	0	0	0	0	0
"00-0038611"	"C.Rodriguez"	"Chris Rodriguez Jr."	"RB"	"RB"	"https://static.www.nfl.com/image/upload/f_auto,q_auto/league/pknd5uajvpvfd8c744im"	2025	7	"REG"	"2025_07_WAS_DAL"	"WAS"	"DAL"	0	0	0	0	0	0	0	0	0	0	0	0	null	null	0	null	0	0	0	0	3	12	1	0	0	1	1.6411664080806077	0	0	0	0	0	0	0	0	0	0	0	0	0	0	null	0	0	0	0	0	null	0	0	0	0	0	0	0	0	0	0	0	0	0	0	0	0	0	0	0	0	0	0	0	0	0	0	0	0	0	0	0	0	0	0	0	0	0	0	0	0	0	0	0	0	0	null	null	0	0	0	0	0	0	0	0	0	0	0	0	null	null	null	0	0	0	0	0	0	0	null	0	0	0	0	0	0	0	null	0	0	0	0	0	0	0	0	0	0	7.2	7.2
"00-0038738"	"H.Luepke"	"Hunter Luepke"	"RB"	"RB"	"https://static.www.nfl.com/image/upload/f_auto,q_auto/league/m28qafff4o5vb3aaumiv"	2025	7	"REG"	"2025_07_WAS_DAL"	"DAL"	"WAS"	0	0	0	0	0	0	0	0	0	0	0	0	null	null	0	null	0	0	0	0	0	0	0	0	0	0	null	0	0	0	0	0	1	1	3	0	0	0	-7	10	0	-1.0499380807865006	0	0	0	0	0	-0.42857142857142855	0.03333333333333333	-0.0330188679245283	0.026886792452830193	0	0	0	1	0	0	0	0	0	0	0	0	0	0	0	0	0	0	0	0	0	0	0	0	0	0	0	0	0	0	0	0	0	0	0	0	0	0	0	0	0	0	null	null	0	0	0	0	0	0	0	0	0	0	0	0	null	null	null	0	0	0	0	0	0	0	null	0	0	0	0	0	0	0	null	0	0	0	0	0	0	0	0	0	0	0.30000000000000004	1.3
"00-0039149"	"Q.Martin"	"Quan Martin"	"SAF"	"DB"	"https://static.www.nfl.com/image/upload/f_auto,q_auto/league/mqvepjtbymevlwn2c7qj"	2025	7	"REG"	"2025_07_WAS_DAL"	"WAS"	"DAL"	0	0	0	0	0	0	0	0	0	0	0	0	null	null	0	null	0	0	0	0	0	0	0	0	0	0	null	0	0	0	0	0	0	0	0	0	0	0	0	0	0	null	0	0	0	0	0	null	0	0	0	0	3	0	4	0	0	0	0	0	0	0	0	0	0	0	0	0	0	0	0	0	0	0	0	0	0	0	0	0	0	0	0	0	0	0	0	0	0	0	0	0	0	null	null	0	0	0	0	0	0	0	0	0	0	0	0	null	null	null	0	0	0	0	0	0	0	null	0	0	0	0	0	0	0	null	0	0	0	0	0	0	0	0	0	0	0	0
"00-0039352"	"M.Liufau"	"Marist Liufau"	"LB"	"LB"	"https://static.www.nfl.com/image/upload/f_auto,q_auto/league/i81dbzylyw2mv7odmdck"	2025	7	"REG"	"2025_07_WAS_DAL"	"DAL"	"WAS"	0	0	0	0	0	0	0	0	0	0	0	0	null	null	0	null	0	0	0	0	0	0	0	0	0	0	null	0	0	0	0	0	0	0	0	0	0	0	0	0	0	null	0	0	0	0	0	null	0	0	0	0	1	0	0	0	0	0	0	0	0	0	0	0	0	0	0	0	0	0	0	0	0	0	0	0	0	0	0	0	0	0	0	0	0	0	0	0	0	0	0	0	0	null	null	0	0	0	0	0	0	0	0	0	0	0	0	null	null	null	0	0	0	0	0	0	0	null	0	0	0	0	0	0	0	null	0	0	0	0	0	0	0	0	0	0	0	0
"00-0039355"	"L.McCaffrey"	"Luke McCaffrey"	"WR"	"WR"	"https://static.www.nfl.com/image/upload/f_auto,q_auto/league/xtxiwlkniuldrqg65n3q"	2025	7	"REG"	"2025_07_WAS_DAL"	"WAS"	"DAL"	0	0	0	0	0	0	0	0	0	0	0	0	null	null	0	null	0	0	0	0	0	0	0	0	0	0	null	0	0	0	0	0	0	2	0	0	0	0	34	0	0	-5.910608291625977	0	0	0	0	0	0	0.06451612903225806	0.10759493670886076	0.1720906492445896	0	0	0	0	0	0	0	0	0	0	0	0	0	0	0	0	0	0	0	0	0	0	0	0	0	0	0	0	0	0	0	0	0	0	0	0	8	209	0	0	0	0	null	null	0	0	0	0	0	0	0	0	0	0	0	0	null	null	null	0	0	0	0	0	0	0	null	0	0	0	0	0	0	0	null	0	0	0	0	0	0	0	0	0	0	0	0
"00-0039368"	"J.Magee"	"Jordan Magee"	"LB"	"LB"	"https://static.www.nfl.com/image/upload/f_auto,q_auto/league/smdokbnjckcbpc9yfxwt"	2025	7	"REG"	"2025_07_WAS_DAL"	"WAS"	"DAL"	0	0	0	0	0	0	0	0	0	0	0	0	null	null	0	null	0	0	0	0	0	0	0	0	0	0	null	0	0	0	0	0	0	0	0	0	0	0	0	0	0	null	0	0	0	0	0	null	0	0	0	0	3	0	1	0	0	0	0	0	0	0	0	0	0	0	0	0	0	0	0	0	0	0	0	0	0	0	0	0	0	0	0	0	0	0	0	0	0	0	0	0	0	null	null	0	0	0	0	0	0	0	0	0	0	0	0	null	null	null	0	0	0	0	0	0	0	null	0	0	0	0	0	0	0	null	0	0	0	0	0	0	0	0	0	0	0	0
"00-0039387"	"C.Carson"	"Caelen Carson"	"DB"	"DB"	"https://static.www.nfl.com/image/upload/f_auto,q_auto/league/hcwdub8jq0t7at4smblo"	2025	7	"REG"	"2025_07_WAS_DAL"	"DAL"	"WAS"	0	0	0	0	0	0	0	0	0	0	0	0	null	null	0	null	0	0	0	0	0	0	0	0	0	0	null	0	0	0	0	0	0	0	0	0	0	0	0	0	0	null	0	0	0	0	0	null	0	0	0	0	0	0	0	0	0	0	0	0	0	0	0	0	0	0	0	0	0	0	0	0	0	0	0	0	0	0	1	10	0	0	0	0	0	0	0	0	0	0	0	0	0	null	null	0	0	0	0	0	0	0	0	0	0	0	0	null	null	null	0	0	0	0	0	0	0	null	0	0	0	0	0	0	0	null	0	0	0	0	0	0	0	0	0	0	0	0
"00-0039410"	"R.Flournoy"	"Ryan Flournoy"	"WR"	"WR"	"https://static.www.nfl.com/image/upload/f_auto,q_auto/league/tqwq3cgpqu7j9hzoyicx"	2025	7	"REG"	"2025_07_WAS_DAL"	"DAL"	"WAS"	0	0	0	0	0	0	0	0	0	0	0	0	null	null	0	null	0	0	0	0	0	0	0	0	0	0	null	0	0	0	0	0	0	0	0	0	0	0	0	0	0	null	0	0	0	0	0	null	0	0	0	0	0	0	1	0	0	0	0	0	0	0	0	0	0	0	0	0	0	0	0	0	0	0	0	0	0	0	0	0	0	0	0	0	0	0	0	0	0	0	0	0	0	null	null	0	0	0	0	0	0	0	0	0	0	0	0	null	null	null	0	0	0	0	0	0	0	null	0	0	0	0	0	0	0	null	0	0	0	0	0	0	0	0	0	0	0	0
"00-0039465"	"R.Steward"	"Reddy Steward"	"DB"	"DB"	"https://static.www.nfl.com/image/upload/f_auto,q_auto/league/e7fvszuuhvqn17ruftl0"	2025	7	"REG"	"2025_07_WAS_DAL"	"DAL"	"WAS"	0	0	0	0	0	0	0	0	0	0	0	0	null	null	0	null	0	0	0	0	0	0	0	0	0	0	null	0	0	0	0	0	0	0	0	0	0	0	0	0	0	null	0	0	0	0	0	null	0	0	0	0	0	0	1	0	0	0	0	0	0	0	0	0	0	0	0	0	0	0	0	0	0	0	0	0	0	0	0	0	0	0	0	0	0	0	0	0	0	0	0	0	0	null	null	0	0	0	0	0	0	0	0	0	0	0	0	null	null	null	0	0	0	0	0	0	0	null	0	0	0	0	0	0	0	null	0	0	0	0	0	0	0	0	0	0	0	0
"00-0039530"	"B.Spann-Ford"	"Brevyn Spann-Ford"	"TE"	"TE"	"https://static.www.nfl.com/image/upload/f_auto,q_auto/league/sko2pmuqociwa92ep1ad"	2025	7	"REG"	"2025_07_WAS_DAL"	"DAL"	"WAS"	0	0	0	0	0	0	0	0	0	0	0	0	null	null	0	null	0	0	0	0	0	0	0	0	0	0	null	0	0	0	0	0	0	0	0	0	0	0	0	0	0	null	0	0	0	0	0	null	0	0	0	0	1	0	1	0	0	0	0	0	0	0	0	0	0	0	0	0	0	0	0	0	0	0	0	0	0	0	0	0	0	0	0	0	0	0	0	0	0	0	0	0	0	null	null	0	0	0	0	0	0	0	0	0	0	0	0	null	null	null	0	0	0	0	0	0	0	null	0	0	0	0	0	0	0	null	0	0	0	0	0	0	0	0	0	0	0	0
"00-0039681"	"T.Owens"	"Tyler Owens"	"DB"	"DB"	"https://static.www.nfl.com/image/upload/f_auto,q_auto/league/rxf3jhkiysfn1vi91kvv"	2025	7	"REG"	"2025_07_WAS_DAL"	"WAS"	"DAL"	0	0	0	0	0	0	0	0	0	0	0	0	null	null	0	null	0	0	0	0	0	0	0	0	0	0	null	0	0	0	0	0	0	0	0	0	0	0	0	0	0	null	0	0	0	0	0	null	0	0	0	0	1	0	0	0	0	0	0	0	0	0	0	0	0	0	0	0	0	0	0	0	0	0	0	0	0	0	1	10	0	0	0	0	0	0	0	0	0	0	0	0	0	null	null	0	0	0	0	0	0	0	0	0	0	0	0	null	null	null	0	0	0	0	0	0	0	null	0	0	0	0	0	0	0	null	0	0	0	0	0	0	0	0	0	0	0	0
"00-0039686"	"C.Yankoff"	"Colson Yankoff"	"TE"	"TE"	"https://static.www.nfl.com/image/upload/f_auto,q_auto/league/cgsxdjqy6l2zuqaftbd6"	2025	7	"REG"	"2025_07_WAS_DAL"	"WAS"	"DAL"	0	0	0	0	0	0	0	0	0	0	0	0	null	null	0	null	0	0	0	0	0	0	0	0	0	0	null	0	0	0	0	0	0	0	0	0	0	0	0	0	0	null	0	0	0	0	0	null	0	0	0	0	1	0	0	0	0	0	0	0	0	0	0	0	0	0	0	0	0	0	0	0	0	0	0	0	0	0	1	13	0	0	0	0	0	0	0	0	0	0	0	0	0	null	null	0	0	0	0	0	0	0	0	0	0	0	0	null	null	null	0	0	0	0	0	0	0	null	0	0	0	0	0	0	0	null	0	0	0	0	0	0	0	0	0	0	0	0
"00-0039898"	"M.Sainristil"	"Mike Sainristil"	"CB"	"DB"	"https://static.www.nfl.com/image/upload/f_auto,q_auto/league/eftoaweovfwayhiyjg6q"	2025	7	"REG"	"2025_07_WAS_DAL"	"WAS"	"DAL"	0	0	0	0	0	0	0	0	0	0	0	0	null	null	0	null	0	0	0	0	0	0	0	0	0	0	null	0	0	0	0	0	0	0	0	0	0	0	0	0	0	null	0	0	0	0	0	null	0	0	0	0	2	0	1	0	0	0	0	0	0	0	0	2	0	0	0	0	0	0	0	0	0	0	0	0	0	0	0	0	0	0	0	0	0	0	0	0	0	0	0	0	0	null	null	0	0	0	0	0	0	0	0	0	0	0	0	null	null	null	0	0	0	0	0	0	0	null	0	0	0	0	0	0	0	null	0	0	0	0	0	0	0	0	0	0	0	0
"00-0039906"	"J.Newton"	"Jer'Zhan Newton"	"DT"	"DL"	"https://static.www.nfl.com/image/upload/f_auto,q_auto/league/hgrxkwfkaiozsegi9sbp"	2025	7	"REG"	"2025_07_WAS_DAL"	"WAS"	"DAL"	0	0	0	0	0	0	0	0	0	0	0	0	null	null	0	null	0	0	0	0	0	0	0	0	0	0	null	0	0	0	0	0	0	0	0	0	0	0	0	0	0	null	0	0	0	0	0	null	0	0	0	0	1	0	2	0	0	0	0	0	0	0	0	0	0	0	0	0	0	0	0	0	0	0	0	0	0	0	0	0	0	0	0	0	0	0	0	0	0	0	0	0	0	null	null	0	0	0	0	0	0	0	0	0	0	0	0	null	null	null	0	0	0	0	0	0	0	null	0	0	0	0	0	0	0	null	0	0	0	0	0	0	0	0	0	0	0	0
"00-0039910"	"J.Daniels"	"Jayden Daniels"	"QB"	"QB"	"https://static.www.nfl.com/image/upload/f_auto,q_auto/league/gfz8k5onuqjrche9ogqc"	2025	7	"REG"	"2025_07_WAS_DAL"	"WAS"	"DAL"	12	22	156	1	0	2	-5	1	1	195	69	6	-5.883244332449976	-9.57804989247095	0	0.8	6	2	2	1	8	35	1	0	0	4	2.4041968798120505	0	1	1	0	0	0	0	0	0	0	0	0	0	0	null	0	0	0	0	0	null	0	0	0	0	0	0	0	0	0	0	0	0	0	0	0	0	0	0	0	0	0	0	0	0	0	0	0	0	0	0	0	0	1	0	0	1	1	0	0	0	0	0	0	0	0	null	null	0	0	0	0	0	0	0	0	0	0	0	0	null	null	null	0	0	0	0	0	0	0	null	0	0	0	0	0	0	0	null	0	0	0	0	0	0	0	0	0	0	17.740000000000002	17.740000000000002
"00-0040007"	"T.Booker"	"Tyler Booker"	"G"	"OL"	"https://static.www.nfl.com/image/upload/f_auto,q_auto/league/rcqpeq8ahdoqt1xejjjp"	2025	7	"REG"	"2025_07_WAS_DAL"	"DAL"	"WAS"	0	0	0	0	0	0	0	0	0	0	0	0	null	null	0	null	0	0	0	0	0	0	0	0	0	0	null	0	0	0	0	0	0	0	0	0	0	0	0	0	0	null	0	0	0	0	0	null	0	0	0	0	0	0	0	0	0	0	0	0	0	0	0	0	0	0	0	0	0	0	0	0	0	0	0	0	0	0	1	10	0	0	0	0	0	0	0	0	0	0	0	0	0	null	null	0	0	0	0	0	0	0	0	0	0	0	0	null	null	null	0	0	0	0	0	0	0	null	0	0	0	0	0	0	0	null	0	0	0	0	0	0	0	0	0	0	0	0
"00-0040011"	"S.James"	"Shemar James"	"LB"	"LB"	"https://static.www.nfl.com/image/upload/f_auto,q_auto/league/bpuq0wagps3hcsl0clff"	2025	7	"REG"	"2025_07_WAS_DAL"	"DAL"	"WAS"	0	0	0	0	0	0	0	0	0	0	0	0	null	null	0	null	0	0	0	0	0	0	0	0	0	0	null	0	0	0	0	0	0	0	0	0	0	0	0	0	0	null	0	0	0	0	0	null	0	0	0	0	4	0	5	1	4	1	1	4	2	0	0	0	0	0	0	0	0	0	0	0	0	0	0	0	0	0	0	0	0	0	0	0	0	0	0	0	0	0	0	0	0	null	null	0	0	0	0	0	0	0	0	0	0	0	0	null	null	null	0	0	0	0	0	0	0	null	0	0	0	0	0	0	0	null	0	0	0	0	0	0	0	0	0	0	0	0
"00-0040045"	"A.Clark"	"Alijah Clark"	"DB"	"DB"	"https://static.www.nfl.com/image/upload/f_auto,q_auto/league/sr5sjigohu5fufu4yxm7"	2025	7	"REG"	"2025_07_WAS_DAL"	"DAL"	"WAS"	0	0	0	0	0	0	0	0	0	0	0	0	null	null	0	null	0	0	0	0	0	0	0	0	0	0	null	0	0	0	0	0	0	0	0	0	0	0	0	0	0	null	0	0	0	0	0	null	0	0	0	0	2	0	0	0	0	0	0	0	0	0	0	0	0	0	0	0	0	0	0	0	0	0	0	0	0	0	0	0	0	0	0	0	0	0	0	0	0	0	0	0	0	null	null	0	0	0	0	0	0	0	0	0	0	0	0	null	null	null	0	0	0	0	0	0	0	null	0	0	0	0	0	0	0	null	0	0	0	0	0	0	0	0	0	0	0	0
"00-0040164"	"J.Lane"	"Jaylin Lane"	"WR"	"WR"	"https://static.www.nfl.com/image/upload/f_auto,q_auto/league/fa5ufxqxs3hzioih3cfb"	2025	7	"REG"	"2025_07_WAS_DAL"	"WAS"	"DAL"	0	0	0	0	0	0	0	0	0	0	0	0	null	null	0	null	0	0	0	0	0	0	0	0	0	0	null	0	0	0	0	0	3	6	60	0	0	0	105	5	2	1.7093610965530388	0	2	2	1	0	0.5714285714285714	0.1935483870967742	0.3322784810126582	0.522917517354022	0	0	0	0	0	0	0	0	0	0	0	0	0	0	0	0	0	0	0	0	0	0	0	0	0	0	0	0	0	0	0	0	0	0	1	8	0	0	0	0	0	0	null	null	0	0	0	0	0	0	0	0	0	0	0	0	null	null	null	0	0	0	0	0	0	0	null	0	0	0	0	0	0	0	null	0	0	0	0	0	0	0	0	0	0	6	9
"00-0040242"	"J.Croskey-Merritt"	"Jacory Croskey-Merritt"	"RB"	"RB"	"https://static.www.nfl.com/image/upload/f_auto,q_auto/league/qew4qhlj4yuf50voko61"	2025	7	"REG"	"2025_07_WAS_DAL"	"WAS"	"DAL"	0	0	0	0	0	0	0	0	0	0	0	0	null	null	0	null	0	0	0	0	13	33	0	0	0	1	-2.5374200154910795	0	0	0	0	0	1	2	-1	0	0	0	-10	6	0	-2.0600898396223783	0	0	0	0	0	0.1	0.06451612903225806	-0.03164556962025317	0.07462229481420987	0	0	0	0	0	0	0	0	0	0	0	0	0	0	0	0	0	0	0	0	0	0	0	0	0	0	0	0	0	0	0	0	0	0	0	0	0	0	0	0	0	0	null	null	0	0	0	0	0	0	0	0	0	0	0	0	null	null	null	0	0	0	0	0	0	0	null	0	0	0	0	0	0	0	null	0	0	0	0	0	0	0	0	0	0	3.2	4.2
"00-0040251"	"T.Bridges"	"Trikweze Bridges"	"DB"	"DB"	"https://static.www.nfl.com/image/upload/f_auto,q_auto/league/vmjfea3sm8cg0hrlibgj"	2025	7	"REG"	"2025_07_WAS_DAL"	"DAL"	"WAS"	0	0	0	0	0	0	0	0	0	0	0	0	null	null	0	null	0	0	0	0	0	0	0	0	0	0	null	0	0	0	0	0	0	0	0	0	0	0	0	0	0	null	0	0	0	0	0	null	0	0	0	0	4	0	0	0	0	0	0	0	0	0	0	0	0	0	0	0	0	0	0	0	0	0	0	0	0	0	0	0	0	0	0	0	0	0	0	0	0	0	0	0	0	null	null	0	0	0	0	0	0	0	0	0	0	0	0	null	null	null	0	0	0	0	0	0	0	null	0	0	0	0	0	0	0	null	0	0	0	0	0	0	0	0	0	0	0	0
"00-0040586"	"J.Blue"	"Jaydon Blue"	"RB"	"RB"	"https://static.www.nfl.com/image/upload/f_auto,q_auto/league/lscygdlqczomp0l9oykv"	2025	7	"REG"	"2025_07_WAS_DAL"	"DAL"	"WAS"	0	0	0	0	0	0	0	0	0	0	0	0	null	null	0	null	0	0	0	0	7	29	0	0	0	2	-1.8275909536750987	0	0	0	0	0	1	1	5	0	0	0	-5	10	0	-0.11936172936111689	0	0	0	0	0	-1	0.03333333333333333	-0.02358490566037736	0.033490566037735855	0	0	0	0	0	0	0	0	0	0	0	0	0	0	0	0	0	0	0	0	0	0	0	0	0	0	0	1	5	0	0	0	0	0	0	0	0	0	0	0	0	0	null	null	0	0	0	0	0	0	0	0	0	0	0	0	null	null	null	0	0	0	0	0	0	0	null	0	0	0	0	0	0	0	null	0	0	0	0	0	0	0	0	0	0	3.4000000000000004	4.4
"00-0040686"	"J.Conerly"	"Josh Conerly Jr."	"OT"	"OL"	"https://static.www.nfl.com/image/upload/f_auto,q_auto/league/q9vrq43u3qh6nw3rcajo"	2025	7	"REG"	"2025_07_WAS_DAL"	"WAS"	"DAL"	0	0	0	0	0	0	0	0	0	0	0	0	null	null	0	null	0	0	0	0	0	0	0	0	0	0	null	0	0	0	0	0	0	0	0	0	0	0	0	0	0	null	0	0	0	0	0	null	0	0	0	0	0	0	0	0	0	0	0	0	0	0	0	0	0	0	0	0	0	0	0	0	0	0	0	0	0	0	2	10	0	0	0	0	0	0	0	0	0	0	0	0	0	null	null	0	0	0	0	0	0	0	0	0	0	0	0	null	null	null	0	0	0	0	0	0	0	null	0	0	0	0	0	0	0	null	0	0	0	0	0	0	0	0	0	0	0	0
"00-0040725"	"D.Ezeiruaku"	"Donovan Ezeiruaku"	"LB"	"LB"	"https://static.www.nfl.com/image/upload/f_auto,q_auto/league/e8ajbchys6mqj7agkqxf"	2025	7	"REG"	"2025_07_WAS_DAL"	"DAL"	"WAS"	0	0	0	0	0	0	0	0	0	0	0	0	null	null	0	null	0	0	0	0	0	0	0	0	0	0	null	0	0	0	0	0	0	0	0	0	0	0	0	0	0	null	0	0	0	0	0	null	0	0	0	0	3	0	1	2	7	0	1	5	1	0	0	0	0	0	0	0	0	0	0	0	0	0	0	0	0	0	0	0	0	0	0	0	0	0	0	0	0	0	0	0	0	null	null	0	0	0	0	0	0	0	0	0	0	0	0	null	null	null	0	0	0	0	0	0	0	null	0	0	0	0	0	0	0	null	0	0	0	0	0	0	0	0	0	0	0	0
"00-0040731"	"T.Amos"	"Trey Amos"	"CB"	"DB"	"https://static.www.nfl.com/image/upload/f_auto,q_auto/league/cxabcu8nz9p6k6sqsw4t"	2025	7	"REG"	"2025_07_WAS_DAL"	"WAS"	"DAL"	0	0	0	0	0	0	0	0	0	0	0	0	null	null	0	null	0	0	0	0	0	0	0	0	0	0	null	0	0	0	0	0	0	0	0	0	0	0	0	0	0	null	0	0	0	0	0	null	0	0	0	0	3	0	0	0	0	0	0	0	0	0	0	0	0	0	0	0	0	0	0	0	0	0	0	0	0	0	0	0	0	0	0	0	0	0	0	0	0	0	0	0	0	null	null	0	0	0	0	0	0	0	0	0	0	0	0	null	null	null	0	0	0	0	0	0	0	null	0	0	0	0	0	0	0	null	0	0	0	0	0	0	0	0	0	0	0	0
null	null	null	null	null	null	2025	7	"REG"	"2025_07_PIT_CIN"	"PIT"	"CIN"	0	0	0	0	0	0	0	0	0	0	0	0	null	null	0	null	0	0	0	0	0	0	0	0	0	0	null	0	0	0	0	0	0	0	0	0	0	0	0	0	0	null	0	0	0	0	0	null	0	0	0	0	0	0	0	0	0	0	0	0	0	0	0	0	0	0	0	0	0	0	0	0	0	0	0	0	0	0	20	93	0	0	0	0	0	0	0	0	0	0	0	0	0	null	null	0	0	0	0	0	0	0	0	0	0	0	0	null	null	null	0	0	0	0	0	0	0	null	0	0	0	0	0	0	0	null	0	0	0	0	0	0	0	0	0	0	0	0
