season	posteam	week	game_id	player_id	full_name	position	pass_attempt	rec_attempt	rush_attempt	pass_air_yards	rec_air_yards	pass_completions	receptions	pass_completions_exp	receptions_exp	pass_yards_gained	rec_yards_gained	rush_yards_gained	pass_yards_gained_exp	rec_yards_gained_exp	rush_yards_gained_exp	pass_touchdown	rec_touchdown	rush_touchdown	pass_touchdown_exp	rec_touchdown_exp	rush_touchdown_exp	pass_two_point_conv	rec_two_point_conv	rush_two_point_conv	pass_two_point_conv_exp	rec_two_point_conv_exp	rush_two_point_conv_exp	pass_first_down	rec_first_down	rush_first_down	pass_first_down_exp	rec_first_down_exp	rush_first_down_exp	pass_interception	rec_interception	pass_interception_exp	rec_interception_exp	rec_fumble_lost	rush_fumble_lost	pass_fantasy_points_exp	rec_fantasy_points_exp	rush_fantasy_points_exp	pass_fantasy_points	rec_fantasy_points	rush_fantasy_points	total_yards_gained	total_yards_gained_exp	total_touchdown	total_touchdown_exp	total_first_down	total_first_down_exp	total_fantasy_points	total_fantasy_points_exp	pass_completions_diff	receptions_diff	pass_yards_gained_diff	rec_yards_gained_diff	rush_yards_gained_diff	pass_touchdown_diff	rec_touchdown_diff	rush_touchdown_diff	pass_two_point_conv_diff	rec_two_point_conv_diff	rush_two_point_conv_diff	pass_first_down_diff	rec_first_down_diff	rush_first_down_diff	pass_interception_diff	rec_interception_diff	pass_fantasy_points_diff	rec_fantasy_points_diff	rush_fantasy_points_diff	total_yards_gained_diff	total_touchdown_diff	total_first_down_diff	total_fantasy_points_diff	pass_attempt_team	rec_attempt_team	rush_attempt_team	pass_air_yards_team	rec_air_yards_team	pass_completions_team	receptions_team	pass_completions_exp_team	receptions_exp_team	pass_yards_gained_team	rec_yards_gained_team	rush_yards_gained_team	pass_yards_gained_exp_team	rec_yards_gained_exp_team	rush_yards_gained_exp_team	pass_touchdown_team	rec_touchdown_team	rush_touchdown_team	pass_touchdown_exp_team	rec_touchdown_exp_team	rush_touchdown_exp_team	pass_two_point_conv_team	rec_two_point_conv_team	rush_two_point_conv_team	pass_two_point_conv_exp_team	rec_two_point_conv_exp_team	rush_two_point_conv_exp_team	pass_first_down_team	rec_first_down_team	rush_first_down_team	pass_first_down_exp_team	rec_first_down_exp_team	rush_first_down_exp_team	pass_interception_team	rec_interception_team	pass_interception_exp_team	rec_interception_exp_team	rec_fumble_lost_team	rush_fumble_lost_team	pass_fantasy_points_exp_team	rec_fantasy_points_exp_team	rush_fantasy_points_exp_team	pass_fantasy_points_team	rec_fantasy_points_team	rush_fantasy_points_team	pass_completions_diff_team	receptions_diff_team	pass_yards_gained_diff_team	rec_yards_gained_diff_team	rush_yards_gained_diff_team	pass_touchdown_diff_team	rec_touchdown_diff_team	rush_touchdown_diff_team	pass_two_point_conv_diff_team	rec_two_point_conv_diff_team	rush_two_point_conv_diff_team	pass_first_down_diff_team	rec_first_down_diff_team	rush_first_down_diff_team	pass_interception_diff_team	rec_interception_diff_team	pass_fantasy_points_diff_team	rec_fantasy_points_diff_team	rush_fantasy_points_diff_team	total_yards_gained_team	total_yards_gained_exp_team	total_yards_gained_diff_team	total_touchdown_team	total_touchdown_exp_team	total_touchdown_diff_team	total_first_down_team	total_first_down_exp_team	total_first_down_diff_team	total_fantasy_points_team	total_fantasy_points_exp_team	total_fantasy_points_diff_team
"2023"	"CIN"	9	"2023_09_BUF_CIN"	"00-0036442"	"Joe Burrow"	"QB"	44	0	5	289	0	31	0	31.03	0	348	0	4	334.31	0	7.47	2	0	0	3.46	0	0.01	0	0	0	0	0	0	17	0	1	17.65	0	1.65	0	0	0.76	0	0	0	25.71	0	0.83	21.92	0	0.4	352	341.78000000000003	2	3.4699999999999998	18	19.299999999999997	22.32	26.54	-0.030000000000001137	0	13.689999999999998	0	-3.4699999999999998	-1.46	0	-0.01	0	0	0	-0.6499999999999986	0	-0.6499999999999999	-0.76	0	-3.789999999999999	0	-0.42999999999999994	10.21999999999997	-1.4699999999999998	-1.2999999999999972	-4.219999999999999	44	44	22	289	289	31	31	31.03	31.03	348	348	54	334.31	334.3	79.88	2	2	1	3.46	3.47	0.85	0	0	0	0	0	0	17	17	5	17.65	17.66	5.779999999999999	0	0	0.76	0.76	0	0	25.71	85.27	13.1	21.92	77.8	11.399999999999999	-0.030000000000001137	-0.03000000000000025	13.689999999999998	13.7	-25.88	-1.46	-1.47	0.15000000000000005	0	0	0	-0.6499999999999986	-0.6600000000000001	-0.7799999999999997	-0.76	-0.76	-3.789999999999999	-7.469999999999999	-1.7000000000000004	402	414.18	-12.18	3	4.32	-1.3199999999999998	22	23.439999999999998	-1.44	89.19999999999999	98.36999999999999	-9.17
"2023"	"CIN"	9	"2023_09_BUF_CIN"	"00-0033897"	"Joe Mixon"	"RB"	0	6	14	0	-22	0	5	0	5.25	0	31	37	0	37.78	58.22	0	0	1	0	0.72	0.82	0	0	0	0	0	0	0	1	4	0	2.19	3.26	0	0	0	0.03	0	0	0	13.34	10.76	0	8.1	9.7	68	96	1	1.54	5	5.449999999999999	17.799999999999997	24.1	0	-0.25	0	-6.780000000000001	-21.22	0	-0.72	0.18000000000000005	0	0	0	0	-1.19	0.7400000000000002	0	-0.03	0	-5.24	-1.0600000000000005	-28	-0.54	-0.4499999999999993	-6.300000000000004	44	44	22	289	289	31	31	31.03	31.03	348	348	54	334.31	334.3	79.88	2	2	1	3.46	3.47	0.85	0	0	0	0	0	0	17	17	5	17.65	17.66	5.779999999999999	0	0	0.76	0.76	0	0	25.71	85.27	13.1	21.92	77.8	11.399999999999999	-0.030000000000001137	-0.03000000000000025	13.689999999999998	13.7	-25.88	-1.46	-1.47	0.15000000000000005	0	0	0	-0.6499999999999986	-0.6600000000000001	-0.7799999999999997	-0.76	-0.76	-3.789999999999999	-7.469999999999999	-1.7000000000000004	402	414.18	-12.18	3	4.32	-1.3199999999999998	22	23.439999999999998	-1.44	89.19999999999999	98.36999999999999	-9.17
"2023"	"CIN"	9	"2023_09_BUF_CIN"	"00-0034613"	"Tanner Hudson"	"TE"	0	5	0	0	27	0	4	0	3.73	0	45	0	0	40.9	0	0	0	0	0	0.05	0	0	0	0	0	0	0	0	3	0	0	2.27	0	0	0	0	0.06	0	0	0	8.1	0	0	8.5	0	45	40.9	0	0.05	3	2.27	8.5	8.1	0	0.27	0	4.100000000000001	0	0	-0.05	0	0	0	0	0	0.73	0	0	-0.06	0	0.40000000000000036	0	4.100000000000001	-0.05	0.73	0.40000000000000036	44	44	22	289	289	31	31	31.03	31.03	348	348	54	334.31	334.3	79.88	2	2	1	3.46	3.47	0.85	0	0	0	0	0	0	17	17	5	17.65	17.66	5.779999999999999	0	0	0.76	0.76	0	0	25.71	85.27	13.1	21.92	77.8	11.399999999999999	-0.030000000000001137	-0.03000000000000025	13.689999999999998	13.7	-25.88	-1.46	-1.47	0.15000000000000005	0	0	0	-0.6499999999999986	-0.6600000000000001	-0.7799999999999997	-0.76	-0.76	-3.789999999999999	-7.469999999999999	-1.7000000000000004	402	414.18	-12.18	3	4.32	-1.3199999999999998	22	23.439999999999998	-1.44	89.19999999999999	98.36999999999999	-9.17
"2023"	"CIN"	9	"2023_09_BUF_CIN"	"00-0036410"	"Tee Higgins"	"WR"	0	9	0	0	83	0	8	0	6.11	0	110	0	0	77.66	0	0	0	0	0	0.43	0	0	0	0	0	0	0	0	6	0	0	4.15	0	0	0	0	0.15	0	0	0	16.47	0	0	19	0	110	77.66	0	0.43	6	4.15	19	16.47	0	1.8899999999999997	0	32.34	0	0	-0.43	0	0	0	0	0	1.8499999999999996	0	0	-0.15	0	2.530000000000001	0	32.34	-0.43	1.8499999999999996	2.530000000000001	44	44	22	289	289	31	31	31.03	31.03	348	348	54	334.31	334.3	79.88	2	2	1	3.46	3.47	0.85	0	0	0	0	0	0	17	17	5	17.65	17.66	5.779999999999999	0	0	0.76	0.76	0	0	25.71	85.27	13.1	21.92	77.8	11.399999999999999	-0.030000000000001137	-0.03000000000000025	13.689999999999998	13.7	-25.88	-1.46	-1.47	0.15000000000000005	0	0	0	-0.6499999999999986	-0.6600000000000001	-0.7799999999999997	-0.76	-0.76	-3.789999999999999	-7.469999999999999	-1.7000000000000004	402	414.18	-12.18	3	4.32	-1.3199999999999998	22	23.439999999999998	-1.44	89.19999999999999	98.36999999999999	-9.17
"2023"	"CIN"	9	"2023_09_BUF_CIN"	"00-0034970"	"Irv Smith"	"TE"	0	4	0	0	19	0	3	0	2.8	0	26	0	0	22.28	0	0	1	0	0	0.62	0	0	0	0	0	0	0	0	2	0	0	1.25	0	0	0	0	0.05	0	0	0	8.75	0	0	11.6	0	26	22.28	1	0.62	2	1.25	11.6	8.75	0	0.20000000000000018	0	3.719999999999999	0	0	0.38	0	0	0	0	0	0.75	0	0	-0.05	0	2.8499999999999996	0	3.719999999999999	0.38	0.75	2.8499999999999996	44	44	22	289	289	31	31	31.03	31.03	348	348	54	334.31	334.3	79.88	2	2	1	3.46	3.47	0.85	0	0	0	0	0	0	17	17	5	17.65	17.66	5.779999999999999	0	0	0.76	0.76	0	0	25.71	85.27	13.1	21.92	77.8	11.399999999999999	-0.030000000000001137	-0.03000000000000025	13.689999999999998	13.7	-25.88	-1.46	-1.47	0.15000000000000005	0	0	0	-0.6499999999999986	-0.6600000000000001	-0.7799999999999997	-0.76	-0.76	-3.789999999999999	-7.469999999999999	-1.7000000000000004	402	414.18	-12.18	3	4.32	-1.3199999999999998	22	23.439999999999998	-1.44	89.19999999999999	98.36999999999999	-9.17
"2023"	"BUF"	9	"2023_09_BUF_CIN"	"00-0034857"	"Josh Allen"	"QB"	38	0	8	300	0	26	0	25.52	0	258	0	44	276.89	0	43.4	1	0	1	1.03	0	0.7	1	0	0	0.56	0	0	11	0	6	12.75	0	5.01	1	0	0.79	0	0	0	14.74	0	8.54	14.32	0	10.4	302	320.28999999999996	2	1.73	17	17.759999999999998	24.72	23.28	0.4800000000000004	0	-18.889999999999986	0	0.6000000000000014	-0.030000000000000027	0	0.30000000000000004	0.43999999999999995	0	0	-1.75	0	0.9900000000000002	0.20999999999999996	0	-0.41999999999999993	0	1.8600000000000012	-18.289999999999964	0.27	-0.759999999999998	1.4399999999999977	38	38	16	300	300	26	26	25.52	25.52	258	258	68	276.89	276.89	77.7	1	1	1	1.03	1.03	0.74	1	1	0	0.56	0.56	0	11	11	9	12.75	12.76	7.84	1	1	0.79	0.8	1	0	14.74	60.519999999999996	12.19	14.32	57.800000000000004	12.8	0.4800000000000004	0.47999999999999954	-18.889999999999986	-18.889999999999997	-9.7	-0.030000000000000027	-0.030000000000000013	0.26000000000000006	0.43999999999999995	0.43999999999999995	0	-1.75	-1.7600000000000002	1.1600000000000004	0.20999999999999996	0.20000000000000004	-0.41999999999999993	-2.719999999999997	0.6100000000000013	326	354.59	-28.589999999999996	2	1.77	0.23000000000000004	20	20.6	-0.5999999999999999	70.60000000000001	72.71	-2.109999999999996
"2023"	"BUF"	9	"2023_09_BUF_CIN"	"00-0038933"	"Dalton Kincaid"	"TE"	0	11	0	0	42	0	10	0	8.39	0	81	0	0	71.05	0	0	0	0	0	0.1	0	0	0	0	0	0	0	0	5	0	0	3.37	0	0	0	0	0.12	1	0	0	16.08	0	0	16.1	0	81	71.05	0	0.1	5	3.37	16.1	16.08	0	1.6099999999999994	0	9.950000000000003	0	0	-0.1	0	0	0	0	0	1.63	0	0	-0.12	0	0.020000000000003126	0	9.950000000000003	-0.1	1.63	0.020000000000003126	38	38	16	300	300	26	26	25.52	25.52	258	258	68	276.89	276.89	77.7	1	1	1	1.03	1.03	0.74	1	1	0	0.56	0.56	0	11	11	9	12.75	12.76	7.84	1	1	0.79	0.8	1	0	14.74	60.519999999999996	12.19	14.32	57.800000000000004	12.8	0.4800000000000004	0.47999999999999954	-18.889999999999986	-18.889999999999997	-9.7	-0.030000000000000027	-0.030000000000000013	0.26000000000000006	0.43999999999999995	0.43999999999999995	0	-1.75	-1.7600000000000002	1.1600000000000004	0.20999999999999996	0.20000000000000004	-0.41999999999999993	-2.719999999999997	0.6100000000000013	326	354.59	-28.589999999999996	2	1.77	0.23000000000000004	20	20.6	-0.5999999999999999	70.60000000000001	72.71	-2.109999999999996
"2023"	"BUF"	9	"2023_09_BUF_CIN"	"00-0031588"	"Stefon Diggs"	"WR"	0	7	0	0	48	0	6	0	4.89	0	86	0	0	48.63	0	0	1	0	0	0.35	0	0	1	0	0	0.56	0	0	4	0	0	2.5	0	0	0	0	0.15	0	0	0	12.97	0	0	22.6	0	86	48.63	1	0.35	4	2.5	22.6	12.97	0	1.1100000000000003	0	37.37	0	0	0.65	0	0	0.43999999999999995	0	0	1.5	0	0	-0.15	0	9.63	0	37.37	0.65	1.5	9.63	38	38	16	300	300	26	26	25.52	25.52	258	258	68	276.89	276.89	77.7	1	1	1	1.03	1.03	0.74	1	1	0	0.56	0.56	0	11	11	9	12.75	12.76	7.84	1	1	0.79	0.8	1	0	14.74	60.519999999999996	12.19	14.32	57.800000000000004	12.8	0.4800000000000004	0.47999999999999954	-18.889999999999986	-18.889999999999997	-9.7	-0.030000000000000027	-0.030000000000000013	0.26000000000000006	0.43999999999999995	0.43999999999999995	0	-1.75	-1.7600000000000002	1.1600000000000004	0.20999999999999996	0.20000000000000004	-0.41999999999999993	-2.719999999999997	0.6100000000000013	326	354.59	-28.589999999999996	2	1.77	0.23000000000000004	20	20.6	-0.5999999999999999	70.60000000000001	72.71	-2.109999999999996
"2023"	"BUF"	9	"2023_09_BUF_CIN"	"00-0037261"	"Khalil Shakir"	"WR"	0	4	0	0	36	0	4	0	2.83	0	57	0	0	34.62	0	0	0	0	0	0.03	0	0	0	0	0	0	0	0	2	0	0	1.56	0	0	0	0	0.07	0	0	0	6.44	0	0	9.7	0	57	34.62	0	0.03	2	1.56	9.7	6.44	0	1.17	0	22.380000000000003	0	0	-0.03	0	0	0	0	0	0.43999999999999995	0	0	-0.07	0	3.259999999999999	0	22.380000000000003	-0.03	0.43999999999999995	3.259999999999999	38	38	16	300	300	26	26	25.52	25.52	258	258	68	276.89	276.89	77.7	1	1	1	1.03	1.03	0.74	1	1	0	0.56	0.56	0	11	11	9	12.75	12.76	7.84	1	1	0.79	0.8	1	0	14.74	60.519999999999996	12.19	14.32	57.800000000000004	12.8	0.4800000000000004	0.47999999999999954	-18.889999999999986	-18.889999999999997	-9.7	-0.030000000000000027	-0.030000000000000013	0.26000000000000006	0.43999999999999995	0.43999999999999995	0	-1.75	-1.7600000000000002	1.1600000000000004	0.20999999999999996	0.20000000000000004	-0.41999999999999993	-2.719999999999997	0.6100000000000013	326	354.59	-28.589999999999996	2	1.77	0.23000000000000004	20	20.6	-0.5999999999999999	70.60000000000001	72.71	-2.109999999999996
"2023"	"CIN"	9	"2023_09_BUF_CIN"	"00-0038619"	"Andrei Iosivas"	"WR"	0	1	0	0	8	0	1	0	0.73	0	9	0	0	9.06	0	0	0	0	0	0	0	0	0	0	0	0	0	0	0	0	0	0.39	0	0	0	0	0.01	0	0	0	1.66	0	0	1.9	0	9	9.06	0	0	0	0.39	1.9	1.66	0	0.27	0	-0.0600000000000005	0	0	0	0	0	0	0	0	-0.39	0	0	-0.01	0	0.24	0	-0.0600000000000005	0	-0.39	0.24	44	44	22	289	289	31	31	31.03	31.03	348	348	54	334.31	334.3	79.88	2	2	1	3.46	3.47	0.85	0	0	0	0	0	0	17	17	5	17.65	17.66	5.779999999999999	0	0	0.76	0.76	0	0	25.71	85.27	13.1	21.92	77.8	11.399999999999999	-0.030000000000001137	-0.03000000000000025	13.689999999999998	13.7	-25.88	-1.46	-1.47	0.15000000000000005	0	0	0	-0.6499999999999986	-0.6600000000000001	-0.7799999999999997	-0.76	-0.76	-3.789999999999999	-7.469999999999999	-1.7000000000000004	402	414.18	-12.18	3	4.32	-1.3199999999999998	22	23.439999999999998	-1.44	89.19999999999999	98.36999999999999	-9.17
"2023"	"CIN"	9	"2023_09_BUF_CIN"	null	null	null	0	2	0	0	12	0	0	0	1.12	0	0	0	0	11.1	0	0	0	0	0	0.02	0	0	0	0	0	0	0	0	0	0	0	0.59	0	0	0	0	0.05	0	0	0	2.34	0	0	0	0	0	11.1	0	0.02	0	0.59	0	2.34	0	-1.12	0	-11.1	0	0	-0.02	0	0	0	0	0	-0.59	0	0	-0.05	0	-2.34	0	-11.1	-0.02	-0.59	-2.34	44	44	22	289	289	31	31	31.03	31.03	348	348	54	334.31	334.3	79.88	2	2	1	3.46	3.47	0.85	0	0	0	0	0	0	17	17	5	17.65	17.66	5.779999999999999	0	0	0.76	0.76	0	0	25.71	85.27	13.1	21.92	77.8	11.399999999999999	-0.030000000000001137	-0.03000000000000025	13.689999999999998	13.7	-25.88	-1.46	-1.47	0.15000000000000005	0	0	0	-0.6499999999999986	-0.6600000000000001	-0.7799999999999997	-0.76	-0.76	-3.789999999999999	-7.469999999999999	-1.7000000000000004	402	414.18	-12.18	3	4.32	-1.3199999999999998	22	23.439999999999998	-1.44	89.19999999999999	98.36999999999999	-9.17
"2023"	"CIN"	9	"2023_09_BUF_CIN"	"00-0033009"	"Tyler Boyd"	"WR"	0	5	0	0	71	0	3	0	2.93	0	56	0	0	49.67	0	0	0	0	0	0.29	0	0	0	0	0	0	0	0	2	0	0	2.34	0	0	0	0	0.13	0	0	0	9.64	0	0	8.6	0	56	49.67	0	0.29	2	2.34	8.6	9.64	0	0.06999999999999984	0	6.329999999999998	0	0	-0.29	0	0	0	0	0	-0.33999999999999986	0	0	-0.13	0	-1.040000000000001	0	6.329999999999998	-0.29	-0.33999999999999986	-1.040000000000001	44	44	22	289	289	31	31	31.03	31.03	348	348	54	334.31	334.3	79.88	2	2	1	3.46	3.47	0.85	0	0	0	0	0	0	17	17	5	17.65	17.66	5.779999999999999	0	0	0.76	0.76	0	0	25.71	85.27	13.1	21.92	77.8	11.399999999999999	-0.030000000000001137	-0.03000000000000025	13.689999999999998	13.7	-25.88	-1.46	-1.47	0.15000000000000005	0	0	0	-0.6499999999999986	-0.6600000000000001	-0.7799999999999997	-0.76	-0.76	-3.789999999999999	-7.469999999999999	-1.7000000000000004	402	414.18	-12.18	3	4.32	-1.3199999999999998	22	23.439999999999998	-1.44	89.19999999999999	98.36999999999999	-9.17
"2023"	"CIN"	9	"2023_09_BUF_CIN"	"00-0036900"	"Ja'Marr Chase"	"WR"	0	8	0	0	97	0	4	0	4.96	0	41	0	0	63.21	0	0	0	0	0	1.3	0	0	0	0	0	0	0	0	2	0	0	3.15	0	0	0	0	0.25	0	0	0	19.06	0	0	8.1	0	41	63.21	0	1.3	2	3.15	8.1	19.06	0	-0.96	0	-22.21	0	0	-1.3	0	0	0	0	0	-1.15	0	0	-0.25	0	-10.959999999999999	0	-22.21	-1.3	-1.15	-10.959999999999999	44	44	22	289	289	31	31	31.03	31.03	348	348	54	334.31	334.3	79.88	2	2	1	3.46	3.47	0.85	0	0	0	0	0	0	17	17	5	17.65	17.66	5.779999999999999	0	0	0.76	0.76	0	0	25.71	85.27	13.1	21.92	77.8	11.399999999999999	-0.030000000000001137	-0.03000000000000025	13.689999999999998	13.7	-25.88	-1.46	-1.47	0.15000000000000005	0	0	0	-0.6499999999999986	-0.6600000000000001	-0.7799999999999997	-0.76	-0.76	-3.789999999999999	-7.469999999999999	-1.7000000000000004	402	414.18	-12.18	3	4.32	-1.3199999999999998	22	23.439999999999998	-1.44	89.19999999999999	98.36999999999999	-9.17
"2023"	"BUF"	9	"2023_09_BUF_CIN"	null	null	null	0	6	0	0	70	0	0	0	2.97	0	0	0	0	43.22	0	0	0	0	0	0.11	0	0	0	0	0	0	0	0	0	0	0	2.07	0	0	0	0	0.18	0	0	0	7.96	0	0	0	0	0	43.22	0	0.11	0	2.07	0	7.96	0	-2.97	0	-43.22	0	0	-0.11	0	0	0	0	0	-2.07	0	0	-0.18	0	-7.96	0	-43.22	-0.11	-2.07	-7.96	38	38	16	300	300	26	26	25.52	25.52	258	258	68	276.89	276.89	77.7	1	1	1	1.03	1.03	0.74	1	1	0	0.56	0.56	0	11	11	9	12.75	12.76	7.84	1	1	0.79	0.8	1	0	14.74	60.519999999999996	12.19	14.32	57.800000000000004	12.8	0.4800000000000004	0.47999999999999954	-18.889999999999986	-18.889999999999997	-9.7	-0.030000000000000027	-0.030000000000000013	0.26000000000000006	0.43999999999999995	0.43999999999999995	0	-1.75	-1.7600000000000002	1.1600000000000004	0.20999999999999996	0.20000000000000004	-0.41999999999999993	-2.719999999999997	0.6100000000000013	326	354.59	-28.589999999999996	2	1.77	0.23000000000000004	20	20.6	-0.5999999999999999	70.60000000000001	72.71	-2.109999999999996
"2023"	"CIN"	9	"2023_09_BUF_CIN"	"00-0035631"	"Drew Sample"	"TE"	0	4	0	0	-6	0	3	0	3.4	0	30	0	0	22.64	0	0	1	0	0	0.04	0	0	0	0	0	0	0	0	1	0	0	1.33	0	0	0	0	0.03	0	0	0	5.91	0	0	12	0	30	22.64	1	0.04	1	1.33	12	5.91	0	-0.3999999999999999	0	7.359999999999999	0	0	0.96	0	0	0	0	0	-0.33000000000000007	0	0	-0.03	0	6.09	0	7.359999999999999	0.96	-0.33000000000000007	6.09	44	44	22	289	289	31	31	31.03	31.03	348	348	54	334.31	334.3	79.88	2	2	1	3.46	3.47	0.85	0	0	0	0	0	0	17	17	5	17.65	17.66	5.779999999999999	0	0	0.76	0.76	0	0	25.71	85.27	13.1	21.92	77.8	11.399999999999999	-0.030000000000001137	-0.03000000000000025	13.689999999999998	13.7	-25.88	-1.46	-1.47	0.15000000000000005	0	0	0	-0.6499999999999986	-0.6600000000000001	-0.7799999999999997	-0.76	-0.76	-3.789999999999999	-7.469999999999999	-1.7000000000000004	402	414.18	-12.18	3	4.32	-1.3199999999999998	22	23.439999999999998	-1.44	89.19999999999999	98.36999999999999	-9.17
"2023"	"BUF"	9	"2023_09_BUF_CIN"	"00-0035215"	"Deonte Harty"	"WR"	0	1	0	0	53	0	0	0	0.39	0	0	0	0	22.59	0	0	0	0	0	0.07	0	0	0	0	0	0	0	0	0	0	0	0.39	0	0	0	0	0.08	0	0	0	3.09	0	0	0	0	0	22.59	0	0.07	0	0.39	0	3.09	0	-0.39	0	-22.59	0	0	-0.07	0	0	0	0	0	-0.39	0	0	-0.08	0	-3.09	0	-22.59	-0.07	-0.39	-3.09	38	38	16	300	300	26	26	25.52	25.52	258	258	68	276.89	276.89	77.7	1	1	1	1.03	1.03	0.74	1	1	0	0.56	0.56	0	11	11	9	12.75	12.76	7.84	1	1	0.79	0.8	1	0	14.74	60.519999999999996	12.19	14.32	57.800000000000004	12.8	0.4800000000000004	0.47999999999999954	-18.889999999999986	-18.889999999999997	-9.7	-0.030000000000000027	-0.030000000000000013	0.26000000000000006	0.43999999999999995	0.43999999999999995	0	-1.75	-1.7600000000000002	1.1600000000000004	0.20999999999999996	0.20000000000000004	-0.41999999999999993	-2.719999999999997	0.6100000000000013	326	354.59	-28.589999999999996	2	1.77	0.23000000000000004	20	20.6	-0.5999999999999999	70.60000000000001	72.71	-2.109999999999996
"2023"	"BUF"	9	"2023_09_BUF_CIN"	"00-0036196"	"Gabe Davis"	"WR"	0	2	0	0	36	0	0	0	0.83	0	0	0	0	17.25	0	0	0	0	0	0.28	0	0	0	0	0	0	0	0	0	0	0	0.9	0	0	1	0	0.09	0	0	0	4.23	0	0	0	0	0	17.25	0	0.28	0	0.9	0	4.23	0	-0.83	0	-17.25	0	0	-0.28	0	0	0	0	0	-0.9	0	0	0.91	0	-4.23	0	-17.25	-0.28	-0.9	-4.23	38	38	16	300	300	26	26	25.52	25.52	258	258	68	276.89	276.89	77.7	1	1	1	1.03	1.03	0.74	1	1	0	0.56	0.56	0	11	11	9	12.75	12.76	7.84	1	1	0.79	0.8	1	0	14.74	60.519999999999996	12.19	14.32	57.800000000000004	12.8	0.4800000000000004	0.47999999999999954	-18.889999999999986	-18.889999999999997	-9.7	-0.030000000000000027	-0.030000000000000013	0.26000000000000006	0.43999999999999995	0.43999999999999995	0	-1.75	-1.7600000000000002	1.1600000000000004	0.20999999999999996	0.20000000000000004	-0.41999999999999993	-2.719999999999997	0.6100000000000013	326	354.59	-28.589999999999996	2	1.77	0.23000000000000004	20	20.6	-0.5999999999999999	70.60000000000001	72.71	-2.109999999999996
"2023"	"BUF"	9	"2023_09_BUF_CIN"	"00-0037248"	"James Cook"	"RB"	0	4	6	0	-4	0	4	0	3.25	0	19	20	0	20.62	27.1	0	0	0	0	0.06	0.03	0	0	0	0	0	0	0	0	1	0	0.91	1.41	0	0	0	0.03	0	0	0	5.7	2.88	0	5.9	2	39	47.72	0	0.09	1	2.32	7.9	8.58	0	0.75	0	-1.620000000000001	-7.100000000000001	0	-0.06	-0.03	0	0	0	0	-0.91	-0.4099999999999999	0	-0.03	0	0.20000000000000018	-0.8799999999999999	-8.719999999999999	-0.09	-1.3199999999999998	-0.6799999999999997	38	38	16	300	300	26	26	25.52	25.52	258	258	68	276.89	276.89	77.7	1	1	1	1.03	1.03	0.74	1	1	0	0.56	0.56	0	11	11	9	12.75	12.76	7.84	1	1	0.79	0.8	1	0	14.74	60.519999999999996	12.19	14.32	57.800000000000004	12.8	0.4800000000000004	0.47999999999999954	-18.889999999999986	-18.889999999999997	-9.7	-0.030000000000000027	-0.030000000000000013	0.26000000000000006	0.43999999999999995	0.43999999999999995	0	-1.75	-1.7600000000000002	1.1600000000000004	0.20999999999999996	0.20000000000000004	-0.41999999999999993	-2.719999999999997	0.6100000000000013	326	354.59	-28.589999999999996	2	1.77	0.23000000000000004	20	20.6	-0.5999999999999999	70.60000000000001	72.71	-2.109999999999996
"2023"	"BUF"	9	"2023_09_BUF_CIN"	"00-0034487"	"Trent Sherfield"	"WR"	0	2	0	0	17	0	1	0	1.2	0	9	0	0	13.53	0	0	0	0	0	0.01	0	0	0	0	0	0	0	0	0	0	0	0.67	0	0	0	0	0.07	0	0	0	2.61	0	0	1.9	0	9	13.53	0	0.01	0	0.67	1.9	2.61	0	-0.19999999999999996	0	-4.529999999999999	0	0	-0.01	0	0	0	0	0	-0.67	0	0	-0.07	0	-0.71	0	-4.529999999999999	-0.01	-0.67	-0.71	38	38	16	300	300	26	26	25.52	25.52	258	258	68	276.89	276.89	77.7	1	1	1	1.03	1.03	0.74	1	1	0	0.56	0.56	0	11	11	9	12.75	12.76	7.84	1	1	0.79	0.8	1	0	14.74	60.519999999999996	12.19	14.32	57.800000000000004	12.8	0.4800000000000004	0.47999999999999954	-18.889999999999986	-18.889999999999997	-9.7	-0.030000000000000027	-0.030000000000000013	0.26000000000000006	0.43999999999999995	0.43999999999999995	0	-1.75	-1.7600000000000002	1.1600000000000004	0.20999999999999996	0.20000000000000004	-0.41999999999999993	-2.719999999999997	0.6100000000000013	326	354.59	-28.589999999999996	2	1.77	0.23000000000000004	20	20.6	-0.5999999999999999	70.60000000000001	72.71	-2.109999999999996
"2023"	"BUF"	9	"2023_09_BUF_CIN"	"00-0030513"	"Latavius Murray"	"RB"	0	1	2	0	2	0	1	0	0.77	0	6	4	0	5.38	7.2	0	0	0	0	0.02	0.01	0	0	0	0	0	0	0	0	2	0	0.39	1.42	0	0	0	0.01	0	0	0	1.44	0.77	0	1.6	0.4	10	12.58	0	0.03	2	1.81	2	2.21	0	0.22999999999999998	0	0.6200000000000001	-3.2	0	-0.02	-0.01	0	0	0	0	-0.39	0.5800000000000001	0	-0.01	0	0.16000000000000014	-0.37	-2.58	-0.03	0.18999999999999995	-0.20999999999999996	38	38	16	300	300	26	26	25.52	25.52	258	258	68	276.89	276.89	77.7	1	1	1	1.03	1.03	0.74	1	1	0	0.56	0.56	0	11	11	9	12.75	12.76	7.84	1	1	0.79	0.8	1	0	14.74	60.519999999999996	12.19	14.32	57.800000000000004	12.8	0.4800000000000004	0.47999999999999954	-18.889999999999986	-18.889999999999997	-9.7	-0.030000000000000027	-0.030000000000000013	0.26000000000000006	0.43999999999999995	0.43999999999999995	0	-1.75	-1.7600000000000002	1.1600000000000004	0.20999999999999996	0.20000000000000004	-0.41999999999999993	-2.719999999999997	0.6100000000000013	326	354.59	-28.589999999999996	2	1.77	0.23000000000000004	20	20.6	-0.5999999999999999	70.60000000000001	72.71	-2.109999999999996
"2023"	"CIN"	9	"2023_09_BUF_CIN"	"00-0035291"	"Trayveon Williams"	"RB"	0	0	3	0	0	0	0	0	0	0	0	13	0	0	14.19	0	0	0	0	0	0.02	0	0	0	0	0	0	0	0	0	0	0	0.87	0	0	0	0	0	0	0	0	1.51	0	0	1.3	13	14.19	0	0.02	0	0.87	1.3	1.51	0	0	0	0	-1.1899999999999995	0	0	-0.02	0	0	0	0	0	-0.87	0	0	0	0	-0.20999999999999996	-1.1899999999999995	-0.02	-0.87	-0.20999999999999996	44	44	22	289	289	31	31	31.03	31.03	348	348	54	334.31	334.3	79.88	2	2	1	3.46	3.47	0.85	0	0	0	0	0	0	17	17	5	17.65	17.66	5.779999999999999	0	0	0.76	0.76	0	0	25.71	85.27	13.1	21.92	77.8	11.399999999999999	-0.030000000000001137	-0.03000000000000025	13.689999999999998	13.7	-25.88	-1.46	-1.47	0.15000000000000005	0	0	0	-0.6499999999999986	-0.6600000000000001	-0.7799999999999997	-0.76	-0.76	-3.789999999999999	-7.469999999999999	-1.7000000000000004	402	414.18	-12.18	3	4.32	-1.3199999999999998	22	23.439999999999998	-1.44	89.19999999999999	98.36999999999999	-9.17
