gsis_id	display_name	common_first_name	first_name	last_name	short_name	football_name	suffix	esb_id	nfl_id	pfr_id	pff_id	otc_id	espn_id	smart_id	birth_date	position_group	position	ngs_position_group	ngs_position	height	weight	headshot	college_name	college_conference	jersey_number	rookie_season	last_season	latest_team	status	ngs_status	ngs_status_short_description	years_of_experience	pff_position	pff_status	draft_year	draft_round	draft_pick	draft_team
"ABB498348"	"Vince Abbott"	"Vince"	"Vincent"	"Abbott"	null	null	null	"ABB498348"	null	"abbotvin01"	null	null	null	"32004142-4249-8348-e00f-5fbbe6a0c73c"	"1958-05-31"	"SPEC"	"K"	null	null	71	207	"https://static.www.nfl.com/image/private/f_auto,q_auto/league/g1xvyvzrfbrtbeqjvqgf"	"California State-Fullerton; Washington"	null	"0"	1987	1988	"LAC"	"ACT"	null	null	2	null	null	null	null	null	null
"ABE498348"	"Walter Abercrombie"	"Walter"	"Walter"	"Abercrombie"	null	null	null	"ABE498348"	null	"AberWa00"	null	null	null	"32004142-4549-8348-c243-a8da70dd7751"	"1959-09-26"	"RB"	"RB"	null	null	72	207	"https://static.www.nfl.com/image/private/f_auto,q_auto/league/pydzhyktsi8fx5mxiybr"	"Baylor"	null	"0"	1982	1988	"PHI"	"ACT"	null	null	7	null	null	1982	1	12	"PIT"
"ABR083058"	"Robert Abraham"	"Robert"	"Robert"	"Abraham"	null	null	null	"ABR083058"	null	"AbraRo20"	null	null	null	"32004142-5208-3058-4826-b8a30adcb5a2"	"1960-07-13"	"LB"	"LB"	null	null	73	228	"https://static.www.nfl.com/image/private/f_auto,q_auto/league/f4vaohzliud8xj2ymxch"	"N.C. State"	null	"0"	1982	1987	"HOU"	"ACT"	null	null	6	null	null	1982	3	77	"HOU"
"00-0034857"	"Josh Allen"	"Josh"	"Joshua"	"Allen"	"J.Allen"	"Josh"	null	"ALL529264"	"46076"	"AlleJo02"	"46601"	"6892"	"3918298"	"3200414c-4c52-9264-bedc-c4ddaf201fe7"	"1996-05-21"	"QB"	"QB"	"QB"	"QB"	77	237	"https://static.www.nfl.com/image/upload/f_auto,q_auto/league/mjwbioajzldkq1vzoz2d"	"Wyoming; Reedley"	"Mountain West Conference"	"17"	2018	2026	"BUF"	"ACT"	"ACT"	"Active"	9	"QB"	"A"	2018	1	7	"BUF"
"00-0030279"	"Keenan Allen"	"Keenan"	"Keenan"	"Allen"	"K.Allen"	"Keenan"	null	"ALL532966"	"40024"	"AlleKe00"	"7857"	"2227"	"15818"	"3200414c-4c53-2966-dfa9-55ae464e7b3d"	"1992-04-27"	"WR"	"WR"	"WR"	"WR"	74	211	"https://static.www.nfl.com/image/upload/f_auto,q_auto/league/ri267r6lzfwarh89hsn6"	"California"	"Pacific Twelve Conference"	"10"	2013	2026	"IND"	"ACT"	"ACT"	"Active"	14	"WR"	"I"	2013	3	76	"LAC"
"00-0037692"	"Brandon Aubrey"	"Brandon"	"Brandon"	"Aubrey"	"B.Aubrey"	"Brandon"	null	"AUB415291"	"54401"	"AubrBr00"	"156112"	"11576"	"3953687"	"32004155-4241-5291-a962-44bbbaa0d32a"	"1995-03-14"	"SPEC"	"K"	"FG"	"FK"	75	218	"https://static.www.nfl.com/image/upload/f_auto,q_auto/league/bgwg06zmyohjxvzznbf6"	"Notre Dame"	"Independent"	"17"	2023	2026	"DAL"	"ACT"	"ACT"	"Active"	4	"K"	"A"	null	null	null	null
"00-0036442"	"Joe Burrow"	"Joe"	"Joseph"	"Burrow"	"J.Burrow"	"Joe"	null	"BUR679731"	"52409"	"BurrJo01"	"28022"	"8741"	"3915511"	"32004255-5267-9731-81c8-48673dcec5e2"	"1996-12-10"	"QB"	"QB"	"QB"	"QB"	76	215	"https://static.www.nfl.com/image/upload/f_auto,q_auto/league/gnnvcgui1cijybukk2w7"	"LSU; Ohio State"	"Southeastern Conference"	"9"	2020	2026	"CIN"	"ACT"	"ACT"	"Active"	7	"QB"	"A"	2020	1	1	"CIN"
"00-0036900"	"Ja'Marr Chase"	"Ja'Marr"	"Ja'Marr"	"Chase"	"J.Chase"	"Ja'Marr"	null	"CHA694469"	"53434"	"ChasJa00"	"84270"	"9469"	"4362628"	"32004348-4169-4469-b021-d2c20a7d7cf5"	"2000-03-01"	"WR"	"WR"	"WR"	"WR"	72	205	"https://static.www.nfl.com/image/upload/f_auto,q_auto/league/qya3dtjb5kgofcuj2tuw"	"LSU"	"Southeastern Conference"	"1"	2021	2026	"CIN"	"ACT"	"ACT"	"Active"	6	"WR"	"A"	2021	1	5	"CIN"
"00-0037248"	"James Cook"	"James"	"James"	"Cook"	"J.Cook"	"James"	null	"COO151970"	"54528"	"CookJa01"	"83666"	"10108"	"4379399"	"3200434f-4f15-1970-d2e5-e575c819187c"	"1999-09-25"	"RB"	"RB"	"RB"	"RB"	71	190	"https://static.www.nfl.com/image/upload/f_auto,q_auto/league/anjbznqb9i21wzcgrtbs"	"Georgia"	"Southeastern Conference"	"4"	2022	2026	"BUF"	"ACT"	"ACT"	"Active"	5	"HB"	"A"	2022	2	63	"BUF"
"00-0036973"	"Travis Etienne"	"Travis"	"Travis"	"Etienne"	"T.Etienne"	"Travis"	null	"ETI426541"	"53454"	"EtieTr00"	"57185"	"9489"	"4239996"	"32004554-4942-6541-8c54-a69299f0a040"	"1999-01-26"	"RB"	"RB"	"RB"	"RB"	70	215	"https://static.www.nfl.com/image/upload/f_auto,q_auto/league/pwko5dybmjie8qqo4qz2"	"Clemson"	"Atlantic Coast Conference"	"3"	2021	2026	"NO"	"RES"	"RES"	"R/Injured"	6	"HB"	"IR"	2021	1	25	"JAX"
"00-0032726"	"Ka'imi Fairbairn"	"Ka'imi"	"John"	"Fairbairn"	"K.Fairbairn"	"Ka'imi"	null	"FAI144264"	"43846"	"FairKa01"	"11161"	"5265"	"2971573"	"32004641-4914-4264-2765-80ae068118ab"	"1994-01-29"	"SPEC"	"K"	"KO"	"K"	72	183	"https://static.www.nfl.com/image/upload/f_auto,q_auto/league/nbrs7doetqydf2rzhjjl"	"UCLA"	"Pacific Twelve Conference"	"15"	2016	2026	"HOU"	"ACT"	"ACT"	"Active"	11	"K"	"A"	null	null	null	null
"00-0040189"	"Oronde Gadsden II"	"Oronde"	"Oronde"	"Gadsden"	"O.Gadsden"	"Oronde"	null	"GAD727534"	"58370"	"GadsOr01"	"144046"	"12525"	"4595342"	"32004741-4472-7534-60e1-93967e881273"	"2003-06-25"	"TE"	"TE"	"WR"	"TE"	77	236	"https://static.www.nfl.com/image/upload/f_auto,q_auto/league/r8b4oghjwhw8x9nv1wbs"	"Syracuse"	"Atlantic Coast Conference"	"86"	2025	2026	"LAC"	"ACT"	"ACT"	"Active"	2	"TE"	"A"	2025	5	165	"LAC"
"00-0032764"	"Derrick Henry"	"Derrick"	"Derrick"	"Henry"	"D.Henry"	"Derrick"	null	"HEN602843"	"43334"	"HenrDe00"	"10679"	"4758"	"3043078"	"32004845-4e60-2843-9b64-3cd8fac319c3"	"1994-01-04"	"RB"	"RB"	"RB"	"RB"	75	252	"https://static.www.nfl.com/image/upload/f_auto,q_auto/league/tm79x0iknqg6hms3ypyt"	"Alabama"	"Southeastern Conference"	"22"	2016	2026	"BAL"	"ACT"	"ACT"	"Active"	11	"HB"	"A"	2016	2	45	"TEN"
"00-0033090"	"Hunter Henry"	"Hunter"	"Hunter"	"Henry"	"H.Henry"	"Hunter"	null	"HEN617052"	"43324"	"HenrHu00"	"10669"	"4748"	"3046439"	"32004845-4e61-7052-805d-daad1175a3b2"	"1994-12-07"	"TE"	"TE"	"TE"	"TE"	77	249	"https://static.www.nfl.com/image/upload/f_auto,q_auto/league/cvlunbqgztudbhjrug7l"	"Arkansas"	"Southeastern Conference"	"85"	2016	2026	"NE"	"ACT"	"ACT"	"Active"	11	"TE"	"A"	2016	2	35	"LAC"
"00-0036322"	"Justin Jefferson"	"Justin"	"Justin"	"Jefferson"	"J.Jefferson"	"Justin"	null	"JEF269287"	"52430"	"JeffJu00"	"61398"	"8762"	"4262921"	"32004a45-4626-9287-c454-479b942cbd26"	"1999-06-16"	"WR"	"WR"	"WR"	"WR"	73	195	"https://static.www.nfl.com/image/upload/f_auto,q_auto/league/htjevkugzk6ietrjysny"	"LSU"	"Southeastern Conference"	"18"	2020	2026	"MIN"	"ACT"	"ACT"	"Active"	7	"WR"	"I"	2020	1	22	"MIN"
"00-0041075"	"Justin Jefferson"	"Justin"	"Justin"	"Jefferson"	"J.Jefferson"	"Justin"	null	"JEF270909"	"62771"	"JeffJu01"	null	null	"5150249"	"32004a45-4627-0909-8540-234e0dcf139e"	"2003-03-20"	"LB"	"LB"	"LB"	"OLB"	72	223	null	"Alabama"	"Southeastern Conference"	"17"	2026	2026	"CLE"	"ACT"	"ACT"	"Inactive"	0	null	null	2026	5	149	"CLE"
"00-0040867"	"Makai Lemon"	"Makai"	"Makai"	"Lemon"	"M.Lemon"	"Makai"	null	"LEM694125"	"62642"	"LemoMa00"	null	null	"4870795"	"32004c45-4d69-4125-76a9-d7bca934129b"	"2004-06-02"	"WR"	"WR"	"WR"	"SLOT_WR"	71	192	"https://static.www.nfl.com/image/upload/f_auto,q_auto/league/ys2i2o7c0bl36xvlrojz"	"USC"	"Big Ten Conference"	"9"	2026	2026	"PHI"	"ACT"	"ACT"	"Active"	0	null	null	2026	1	20	"PHI"
"00-0041027"	"Jeremiyah Love"	"Jeremiyah"	"Jeremiyah"	"Love"	"J.Love"	"Jeremiyah"	null	"LOV121782"	"62625"	"LoveJe00"	"171090"	"13147"	"4870808"	"32004c4f-5612-1782-cbb3-b4614515b83d"	"2005-05-31"	"RB"	"RB"	"RB"	"RB"	72	212	"https://static.www.nfl.com/image/upload/f_auto,q_auto/league/b12gtjsylmql5v7iyyla"	"Notre Dame"	"Independent"	"4"	2026	2026	"ARI"	"ACT"	"ACT"	"Active"	0	"HB"	"A"	2026	1	3	"ARI"
"00-0036264"	"Jordan Love"	"Jordan"	"Jordan"	"Love"	"J.Love"	"Jordan"	null	"LOV130776"	"52434"	"LoveJo03"	"40306"	"8766"	"4036378"	"32004c4f-5613-0776-be4c-ce231b05c522"	"1998-11-02"	"QB"	"QB"	"QB"	"QB"	76	219	"https://static.www.nfl.com/image/upload/f_auto,q_auto/league/thz8stjkbjwddxqnozi5"	"Utah State"	"Mountain West Conference"	"10"	2020	2026	"GB"	"ACT"	"ACT"	"Active"	7	"QB"	"A"	2020	1	26	"GB"
"00-0031484"	"Chris Manhertz"	"Chris"	"Christopher"	"Manhertz"	"C.Manhertz"	"Chris"	null	"MAN285874"	"42302"	"ManhCh00"	"10211"	"3800"	"4071345"	"32004d41-4e28-5874-8b5c-b485778d40fc"	"1992-04-10"	"TE"	"TE"	"TE"	"TE"	78	235	"https://static.www.nfl.com/image/upload/f_auto,q_auto/league/bw0kytk1nwrdln9t3wzg"	"Canisius College"	"NO FOOTBALL"	"85"	2015	2026	"NYG"	"ACT"	"ACT"	"Active"	11	"TE"	"A"	null	null	null	null
"00-0037744"	"Trey McBride"	"Trey"	"Trey"	"McBride"	"T.McBride"	"Trey"	null	"MCB743360"	"54520"	"McBrTr01"	"75916"	"10100"	"4361307"	"32004d43-4274-3360-cc50-43990383247d"	"1999-11-22"	"TE"	"TE"	"WR"	"SLOT_WR"	76	246	"https://static.www.nfl.com/image/upload/f_auto,q_auto/league/psasp10nn5pcvkli9kil"	"Colorado State"	"Mountain West Conference"	"85"	2022	2026	"ARI"	"ACT"	"ACT"	"Active"	5	"TE"	"A"	2022	2	55	"ARI"
"00-0033897"	"Joe Mixon"	"Joe"	"Joe"	"Mixon"	"J.Mixon"	"Joe"	null	"MIX564388"	"44860"	"MixoJo00"	"11803"	"5634"	"3116385"	"32004d49-5856-4388-c611-05b6fcff1d1d"	"1996-07-24"	"RB"	"RB"	null	null	73	220	"https://static.www.nfl.com/image/upload/f_auto,q_auto/league/gwyhozfhjgedwdmmjjcf"	"Oklahoma"	"Big Twelve Conference"	"28"	2017	2025	"HOU"	"RSN"	"RES"	"R/NFIN"	9	"HB"	"A"	2017	2	48	"CIN"
"00-0036988"	"Josh Palmer"	"Josh"	"Joshua"	"Palmer"	"J.Palmer"	"Josh"	null	"PAL451625"	"53506"	"PalmJo00"	"62979"	"9541"	"4242433"	"32005041-4c45-1625-eb93-c2c9b11c4006"	"1999-09-22"	"WR"	"WR"	"WR"	"WR"	73	210	"https://static.www.nfl.com/image/upload/f_auto,q_auto/league/woswdfrtxnsfgzsjvsxx"	"Tennessee"	"Southeastern Conference"	"5"	2021	2026	"BUF"	"ACT"	"ACT"	"Active"	6	"WR"	"A"	2021	3	77	"LAC"
"00-0036970"	"Kyle Pitts"	"Kyle"	"Kyle"	"Pitts"	"K.Pitts"	"Kyle"	null	"PIT516805"	"53433"	"PittKy00"	"83964"	"9468"	"4360248"	"32005049-5451-6805-5aec-d4afcbd52e25"	"2000-10-06"	"TE"	"TE"	"TE"	"TE"	78	250	"https://static.www.nfl.com/image/upload/f_auto,q_auto/league/xczipzxvytnmvgznhhb4"	"Florida"	"Southeastern Conference"	"8"	2021	2026	"ATL"	"ACT"	"ACT"	"Active"	6	"TE"	"A"	2021	1	4	"ATL"
"00-0038542"	"Bijan Robinson"	"Bijan"	"Bijan"	"Robinson"	"B.Robinson"	"Bijan"	null	"ROB368260"	"55872"	"RobiBi01"	"123126"	"10832"	"4430807"	"3200524f-4236-8260-6d5f-ae47fe2e0128"	"2002-01-30"	"RB"	"RB"	"RB"	"RB"	71	215	"https://static.www.nfl.com/image/upload/f_auto,q_auto/league/esii5yb8yn9edboi4mlq"	"Texas"	"Big Twelve Conference"	"7"	2023	2026	"ATL"	"ACT"	"ACT"	"Active"	4	"HB"	"A"	2023	1	8	"ATL"
"00-0040899"	"Trey Smack"	"Trey"	"James"	"Smack"	"T.Smack"	"Trey"	null	"SMA037753"	"62838"	"SmacTr00"	null	null	"4869461"	"3200534d-4103-7753-40a4-02e3a672a90f"	"2003-07-12"	"SPEC"	"K"	"FG"	"FK"	73	188	"https://static.www.nfl.com/image/upload/f_auto,q_auto/league/zierx6p09ilfe0o0ckj7"	"Florida"	"Southeastern Conference"	"28"	2026	2026	"GB"	"ACT"	"ACT"	"Active"	0	null	null	2026	6	216	"GB"
"00-0038543"	"Jaxon Smith-Njigba"	"Jaxon"	"Jaxon"	"Smith-Njigba"	"J.Smith-Njigba"	"Jaxon"	null	"SMI829636"	"55884"	"SmitJa06"	"129758"	"10844"	"4430878"	"3200534d-4982-9636-a18c-5da6fbdaa80c"	"2002-02-14"	"WR"	"WR"	"WR"	"WR"	72	197	"https://static.www.nfl.com/image/upload/f_auto,q_auto/league/yx1xjrupbqdknnjaq4a6"	"Ohio State"	"Big Ten Conference"	"11"	2023	2026	"SEA"	"ACT"	"ACT"	"Active"	4	"WR"	"A"	2023	1	20	"SEA"
"00-0036963"	"Amon-Ra St. Brown"	"Amon-Ra"	"Amon-Ra"	"St. Brown"	"A.St. Brown"	"Amon-Ra"	null	"STB415291"	"53541"	"StxxAm00"	"84470"	"9576"	"4374302"	"32005354-4241-5291-a564-57e98d35161d"	"1999-10-24"	"WR"	"WR"	"WR"	"WR"	72	202	"https://static.www.nfl.com/image/upload/f_auto,q_auto/league/fd8nwhm6pvxfyzphzl6i"	"USC"	"Pacific Twelve Conference"	"14"	2021	2026	"DET"	"ACT"	"ACT"	"Active"	6	"WR"	"A"	2021	4	112	"DET"
"00-0039163"	"C.J. Stroud"	"C.J."	"Coleridge"	"Stroud"	"C.Stroud"	"C.J."	null	"STR702090"	"55866"	"StroCJ00"	"129759"	"10826"	"4432577"	"32005354-5270-2090-cc17-67cd6da43535"	"2001-10-03"	"QB"	"QB"	"QB"	"QB"	75	218	"https://static.www.nfl.com/image/upload/f_auto,q_auto/league/tt4zrtxlhifaljhj0rn7"	"Ohio State"	"Big Ten Conference"	"7"	2023	2026	"HOU"	"ACT"	"ACT"	"Active"	4	"QB"	"A"	2023	1	2	"HOU"
