game_id	pass_air_yards	pass_attempt	pass_attempt_team	pass_completions	pass_completions_exp	pass_fantasy_points	pass_fantasy_points_exp	pass_first_down	pass_first_down_exp	pass_interception	pass_interception_exp	pass_touchdown	pass_touchdown_exp	pass_two_point_conv	pass_two_point_conv_exp	pass_yards_gained	pass_yards_gained_exp	player_id	position	posteam	rec_air_yards	rec_air_yards_team	rec_attempt	rec_attempt_team	rec_fantasy_points	rec_fantasy_points_exp	rec_first_down	rec_first_down_exp	rec_fumble_lost	rec_interception	rec_interception_exp	rec_touchdown	rec_touchdown_exp	rec_two_point_conv	rec_two_point_conv_exp	rec_yards_gained	rec_yards_gained_exp	receptions	receptions_exp	rush_attempt	rush_attempt_team	rush_fantasy_points	rush_fantasy_points_exp	rush_first_down	rush_first_down_exp	rush_fumble_lost	rush_touchdown	rush_touchdown_exp	rush_two_point_conv	rush_two_point_conv_exp	rush_yards_gained	rush_yards_gained_exp	season	total_fantasy_points	total_fantasy_points_exp	total_first_down	total_first_down_exp	total_touchdown	total_touchdown_exp	total_yards_gained	total_yards_gained_exp	week
"2026_01_ARI_LAC"	0	0	37	0	0	0	0	0	0	0	0	0	0	0	0	0	0	"00-0037744"	"TE"	"ARI"	89	283	13	37	24.5	24.2	6	5.57	0	0	0.26	1	1.04	0	0	95	90.49	9	8.88	0	34	0	0	0	0	0	0	0	0	0	0	0	"2026"	24.5	24.2	6	5.57	1	1.04	95	90.49	1
"2026_01_ARI_LAC"	0	0	37	0	0	0	0	0	0	0	0	0	0	0	0	0	0	"00-0041027"	"RB"	"ARI"	5	283	4	37	2.9	5.87	0	0.65	0	0	0.03	0	0.07	0	0	9	23.85	2	3.04	11	34	10.1	7.3	2	1.94	0	1	0.48	0	0	41	44.21	"2026"	13	13.17	2	2.59	1	0.55	50	68.06	1
"2026_01_ARI_LAC"	0	0	27	0	0	0	0	0	0	0	0	0	0	0	0	0	0	"00-0040189"	"TE"	"LAC"	7	273	2	27	5.2	2.81	1	0.8	0	0	0.01	0	0	0	0	32	12.16	2	1.58	0	21	0	0	0	0	0	0	0	0	0	0	0	"2026"	5.2	2.81	1	0.8	0	0	32	12.16	1
"2026_01_ATL_PIT"	0	0	22	0	0	0	0	0	0	0	0	0	0	0	0	0	0	"00-0038542"	"RB"	"ATL"	-30	77	10	22	23	13.02	2	1.55	0	1	0.08	1	0.07	0	0	90	46.77	8	7.91	21	31	8.3	9.55	7	4.78	0	0	0.08	0	0	83	90.65	"2026"	31.3	22.57	9	6.33	1	0.15000000000000002	173	137.42000000000002	1
"2026_01_ATL_PIT"	0	0	22	0	0	0	0	0	0	0	0	0	0	0	0	0	0	"00-0036970"	"TE"	"ATL"	26	77	1	22	0	1.56	0	0.36	0	0	0.05	0	0.01	0	0	0	11.06	0	0.38	0	31	0	0	0	0	0	0	0	0	0	0	0	"2026"	0	1.56	0	0.36	0	0.01	0	11.06	1
"2026_01_BAL_IND"	0	0	31	0	0	0	0	0	0	0	0	0	0	0	0	0	0	"00-0030279"	"WR"	"IND"	22	201	6	31	9.2	9.88	1	1.85	0	0	0.06	0	0.28	0	0	32	34.73	6	4.73	0	20	0	0	0	0	0	0	0	0	0	0	0	"2026"	9.2	9.88	1	1.85	0	0.28	32	34.73	1
"2026_01_BAL_IND"	0	0	25	0	0	0	0	0	0	0	0	0	0	0	0	0	0	"00-0032764"	"RB"	"BAL"	-1	269	1	25	2.9	1.76	1	0.46	0	0	0	0	0.04	0	0	19	6.59	1	0.85	24	37	32.4	18.31	7	3.89	0	3	1.4	0	0	144	99.08	"2026"	35.3	20.07	8	4.3500000000000005	3	1.44	163	105.67	1
"2026_01_BUF_HOU"	383	29	29	20	18.37	20.96	16.86	13	11.14	0	0.84	2	1.62	0	0.59	324	272.23	"00-0034857"	"QB"	"BUF"	0	383	0	29	0	0	0	0	0	0	0	0	0	0	0	0	0	0	0	6	21	14.3	6.24	2	2.14	0	2	0.75	0	0	23	17.35	"2026"	35.260000000000005	23.1	15	13.280000000000001	4	2.37	347	289.58000000000004	1
"2026_01_BUF_HOU"	0	0	29	0	0	0	0	0	0	0	0	0	0	0	0	0	0	"00-0037248"	"RB"	"BUF"	-4	383	4	29	4.2	5.69	2	1.88	0	0	0.03	0	0.07	0	0	12	22.12	3	3.07	13	21	5.7	6.14	3	2.1	0	0	0.1	0	0	57	55.3	"2026"	9.9	11.83	5	3.98	0	0.17	69	77.42	1
"2026_01_BUF_HOU"	322	38	38	26	25.22	18.96	15.07	11	14.04	0	1.04	2	1.34	0	0	274	295.19	"00-0039163"	"QB"	"HOU"	0	322	0	38	0	0	0	0	0	0	0	0	0	0	0	0	0	0	0	2	32	1.5	1.2	1	1.2	0	0	0.01	0	0	15	11.15	"2026"	20.46	16.27	12	15.239999999999998	2	1.35	289	306.34	1
"2026_01_BUF_HOU"	0	0	29	0	0	0	0	0	0	0	0	0	0	0	0	0	0	"00-0036988"	"WR"	"BUF"	62	383	2	29	10.4	4.67	1	0.55	0	0	0.17	1	0.34	0	0	34	20	1	0.62	0	21	0	0	0	0	0	0	0	0	0	0	0	"2026"	10.4	4.67	1	0.55	1	0.34	34	20	1
"2026_01_GB_MIN"	469	42	42	21	25.38	21.48	21.93	16	18.35	1	1.19	2	2.66	0	0	387	342.28	"00-0036264"	"QB"	"GB"	0	469	0	42	0	0	0	0	0	0	0	0	0	0	0	0	0	0	0	1	21	0	0.25	0	0.84	0	0	0.01	0	0	0	1.7	"2026"	21.48	22.18	16	19.19	2	2.67	387	343.97999999999996	1
"2026_01_GB_MIN"	0	0	24	0	0	0	0	0	0	0	0	0	0	0	0	0	0	"00-0036322"	"WR"	"MIN"	80	176	9	24	31.2	17.69	5	3.94	0	0	0.2	2	0.57	1	0.58	92	69.17	8	6.22	0	34	0	0	0	0	0	0	0	0	0	0	0	"2026"	31.2	17.69	5	3.94	2	0.57	92	69.17	1
"2026_01_NE_SEA"	0	0	24	0	0	0	0	0	0	0	0	0	0	0	0	0	0	"00-0038543"	"WR"	"SEA"	76	154	11	24	26.2	18.62	5	4.44	0	0	0.27	1	0.58	0	0	122	75.84	8	7.53	0	22	0	0	0	0	0	0	0	0	0	0	0	"2026"	26.2	18.62	5	4.44	1	0.58	122	75.84	1
"2026_01_NE_SEA"	0	0	33	0	0	0	0	0	0	0	0	0	0	0	0	0	0	"00-0033090"	"TE"	"NE"	12	221	3	33	5.6	4.86	1	1.05	0	0	0.03	0	0.01	0	0	26	24.6	3	2.36	0	31	0	0	0	0	0	0	0	0	0	0	0	"2026"	5.6	4.86	1	1.05	0	0.01	26	24.6	1
"2026_01_NO_DET"	0	0	39	0	0	0	0	0	0	0	0	0	0	0	0	0	0	"00-0036963"	"WR"	"DET"	70	207	14	39	28.7	26.1	4	5.41	0	0	0.22	2	1.18	0	0	67	91.22	10	9.89	0	33	0	0	0	0	0	0	0	0	0	0	0	"2026"	28.7	26.1	4	5.41	2	1.18	67	91.22	1
"2026_01_NO_DET"	0	0	56	0	0	0	0	0	0	0	0	0	0	0	0	0	0	"00-0036973"	"RB"	"NO"	-2	483	9	56	10.2	13.8	2	2.82	0	0	0.06	0	0.26	0	0	32	50.19	7	7.25	9	25	4.6	4.62	2	1.92	0	0	0.07	0	0	46	41.9	"2026"	14.799999999999999	18.42	4	4.74	0	0.33	78	92.09	1
"2026_01_TB_CIN"	226	35	35	25	24.65	12.16	19.11	14	13.71	1	0.61	1	2.4	0	0	254	268.57	"00-0036442"	"QB"	"CIN"	0	226	0	35	0	0	0	0	0	0	0	0	0	0	0	0	0	0	0	5	27	2	2.13	4	2.27	0	0	0.11	0	0	20	14.64	"2026"	14.16	21.24	18	15.98	1	2.51	274	283.21	1
"2026_01_TB_CIN"	0	0	35	0	0	0	0	0	0	0	0	0	0	0	0	0	0	"00-0036900"	"WR"	"CIN"	34	226	4	35	3.2	7.76	1	2.13	0	0	0.08	0	0.27	0	0	12	34.6	2	2.68	0	27	0	0	0	0	0	0	0	0	0	0	0	"2026"	3.2	7.76	1	2.13	0	0.27	12	34.6	1
"2026_01_WAS_PHI"	0	0	25	0	0	0	0	0	0	0	0	0	0	0	0	0	0	"00-0040867"	"WR"	"PHI"	0	225	4	25	2.5	5.15	0	0.89	0	0	0.05	0	0.01	0	0	-5	20.07	3	3.08	0	25	0	0	0	0	0	0	0	0	0	0	0	"2026"	2.5	5.15	0	0.89	0	0.01	-5	20.07	1
"2026_02_CAR_ATL"	0	0	32	0	0	0	0	0	0	0	0	0	0	0	0	0	0	"00-0038542"	"RB"	"ATL"	12	159	4	32	3.9	6	0	1.42	0	1	0.07	0	0.04	0	0	9	27.2	3	3.05	16	32	7.2	7.36	2	2.65	0	0	0.04	0	0	72	71.12	"2026"	11.1	13.36	2	4.07	0	0.08	81	98.32000000000001	2
"2026_02_CAR_ATL"	0	0	32	0	0	0	0	0	0	0	0	0	0	0	0	0	0	"00-0036970"	"TE"	"ATL"	26	159	3	32	2.5	4.56	1	1.26	0	1	0.09	0	0.01	0	0	15	24.66	1	2.04	0	32	0	0	0	0	0	0	0	0	0	0	0	"2026"	2.5	4.56	1	1.26	0	0.01	15	24.66	2
"2026_02_CIN_HOU"	173	31	31	20	22.06	16.28	11.1	9	10.49	0	0.53	2	0.77	0	0	207	227.28	"00-0036442"	"QB"	"CIN"	0	173	0	31	0	0	0	0	0	0	0	0	0	0	0	0	0	0	0	1	23	-0.1	-0.1	0	0	0	0	0	0	0	-1	-1	"2026"	16.18	11	9	10.49	2	0.77	206	226.28	2
"2026_02_CIN_HOU"	0	0	31	0	0	0	0	0	0	0	0	0	0	0	0	0	0	"00-0036900"	"WR"	"CIN"	81	173	9	31	26.5	16.46	3	3.13	0	0	0.19	2	0.62	0	0	75	66.38	7	6.08	0	23	0	0	0	0	0	0	0	0	0	0	0	"2026"	26.5	16.46	3	3.13	2	0.62	75	66.38	2
"2026_02_CIN_HOU"	475	55	56	30	35.14	14.12	20.58	15	20.41	0	1.35	0	1.76	0	0	353	405.92	"00-0039163"	"QB"	"HOU"	0	475	0	56	0	0	0	0	0	0	0	0	0	0	0	0	0	0	0	3	18	2.9	2.19	1	0.62	0	0	0.03	0	0	29	20.28	"2026"	17.02	22.77	16	21.03	0	1.79	382	426.20000000000005	2
"2026_02_DET_BUF"	235	31	31	20	21.97	21.92	16.99	14	14.4	0	0.59	3	1.96	0	0	248	257.94	"00-0034857"	"QB"	"BUF"	0	235	0	31	0	0	0	0	0	0	0	0	0	0	0	0	0	0	0	14	36	18.9	12.9	8	5.63	0	2	1.46	0	0	69	41.49	"2026"	40.82	29.89	22	20.03	5	3.42	317	299.43	2
"2026_02_DET_BUF"	0	0	31	0	0	0	0	0	0	0	0	0	0	0	0	0	0	"00-0036988"	"WR"	"BUF"	39	235	3	31	11.3	5.24	1	1.51	0	0	0.1	1	0.14	0	0	43	25.07	1	1.88	0	36	0	0	0	0	0	0	0	0	0	0	0	"2026"	11.3	5.24	1	1.51	1	0.14	43	25.07	2
"2026_02_DET_BUF"	0	0	31	0	0	0	0	0	0	0	0	0	0	0	0	0	0	"00-0037248"	"RB"	"BUF"	1	235	3	31	1.4	5.48	0	1.17	0	0	0.03	0	0.26	0	0	4	16.83	1	2.21	21	36	19.5	16.08	7	4.77	0	1	1.32	0	0	135	81.53	"2026"	20.9	21.56	7	5.9399999999999995	1	1.58	139	98.36	2
"2026_02_DET_BUF"	0	0	38	0	0	0	0	0	0	0	0	0	0	0	0	0	0	"00-0036963"	"WR"	"DET"	148	337	13	38	35.2	24.86	7	6.06	0	0	0.47	2	0.83	0	0	142	116.54	9	8.23	0	20	0	0	0	0	0	0	0	0	0	0	0	"2026"	35.2	24.86	7	6.06	2	0.83	142	116.54	2
"2026_02_GB_NYJ"	216	29	29	16	20.1	13.8	11.17	8	9.35	0	0.64	2	1.03	0	0	145	208.63	"00-0036264"	"QB"	"GB"	0	216	0	29	0	0	0	0	0	0	0	0	0	0	0	0	0	0	0	0	18	0	0	0	0	0	0	0	0	0	0	0	"2026"	13.8	11.17	8	9.35	2	1.03	145	208.63	2
"2026_02_IND_KC"	0	0	31	0	0	0	0	0	0	0	0	0	0	0	0	0	0	"00-0030279"	"WR"	"IND"	31	162	5	31	1.5	6.61	0	1.69	0	1	0.1	0	0.05	0	0	5	30.56	1	3.26	0	32	0	0	0	0	0	0	0	0	0	0	0	"2026"	1.5	6.61	0	1.69	0	0.05	5	30.56	2
"2026_02_LV_LAC"	0	0	27	0	0	0	0	0	0	0	0	0	0	0	0	0	0	"00-0040189"	"TE"	"LAC"	18	269	2	27	9.8	4.64	1	0.55	0	0	0.05	1	0.39	0	0	18	11.99	2	1.1	0	32	0	0	0	0	0	0	0	0	0	0	0	"2026"	9.8	4.64	1	0.55	1	0.39	18	11.99	2
"2026_02_MIN_CHI"	0	0	20	0	0	0	0	0	0	0	0	0	0	0	0	0	0	"00-0036322"	"WR"	"MIN"	91	157	6	20	8.5	10.92	2	1.71	0	0	0.22	0	0.39	0	0	55	53.06	3	3.24	0	28	0	0	0	0	0	0	0	0	0	0	0	"2026"	8.5	10.92	2	1.71	0	0.39	55	53.06	2
"2026_02_NO_BAL"	0	0	31	0	0	0	0	0	0	0	0	0	0	0	0	0	0	"00-0032764"	"RB"	"BAL"	-13	321	3	31	4.9	4.15	1	0.35	0	0	0.03	0	0.04	0	0	19	15.03	3	2.42	16	22	12.8	13.09	5	5.09	0	1	1.04	0	0	68	68.35	"2026"	17.700000000000003	17.240000000000002	6	5.4399999999999995	1	1.08	87	83.38	2
"2026_02_NO_BAL"	0	0	34	0	0	0	0	0	0	0	0	0	0	0	0	0	0	"00-0036973"	"RB"	"NO"	-7	213	2	34	2.6	2.89	0	0.6	0	0	0.01	0	0.03	0	0	6	10.19	2	1.7	8	27	4.5	4.5	1	1.44	0	0	0.02	1	0.38	25	35.59	"2026"	7.1	7.390000000000001	1	2.04	0	0.05	31	45.78	2
"2026_02_PHI_TEN"	0	0	37	0	0	0	0	0	0	0	0	0	0	0	0	0	0	"00-0040867"	"WR"	"PHI"	13	292	1	37	2.4	1.85	1	0.63	0	0	0.04	0	0.02	0	0	14	10.84	1	0.62	1	32	-0.5	0.65	0	0.32	0	0	0.01	0	0	-5	5.95	"2026"	1.9	2.5	1	0.95	0	0.03	9	16.79	2
"2026_02_PIT_NE"	0	0	22	0	0	0	0	0	0	0	0	0	0	0	0	0	0	"00-0033090"	"TE"	"NE"	57	196	5	22	7	9.53	1	1.76	0	1	0.1	0	0.2	0	0	40	49.72	3	3.39	0	28	0	0	0	0	0	0	0	0	0	0	0	"2026"	7	9.53	1	1.76	0	0.2	40	49.72	2
"2026_02_SEA_ARI"	0	0	28	0	0	0	0	0	0	0	0	0	0	0	0	0	0	"00-0037744"	"TE"	"ARI"	36	109	10	28	18.1	17.81	3	3.53	0	0	0.19	1	0.94	0	0	41	51.42	8	7.05	0	17	0	0	0	0	0	0	0	0	0	0	0	"2026"	18.1	17.81	3	3.53	1	0.94	41	51.42	2
"2026_02_SEA_ARI"	0	0	26	0	0	0	0	0	0	0	0	0	0	0	0	0	0	"00-0038543"	"WR"	"SEA"	121	227	11	26	42.5	21.44	8	5.31	0	0	0.34	3	1.08	0	0	155	84.82	9	6.46	0	40	0	0	0	0	0	0	0	0	0	0	0	"2026"	42.5	21.44	8	5.31	3	1.08	155	84.82	2
"2026_02_SEA_ARI"	0	0	28	0	0	0	0	0	0	0	0	0	0	0	0	0	0	"00-0041027"	"RB"	"ARI"	0	109	3	28	4.6	4.18	0	0.7	0	0	0.02	0	0.01	0	0	16	17.21	3	2.41	9	17	2.9	4.17	1	2.73	0	0	0.1	0	0	29	35.53	"2026"	7.5	8.35	1	3.4299999999999997	0	0.11	45	52.74	2
"2026_03_ARI_SF"	0	0	52	0	0	0	0	0	0	0	0	0	0	0	0	0	0	"00-0037744"	"TE"	"ARI"	57	318	11	52	16.5	18.66	3	4.27	0	0	0.18	0	0.61	0	0	75	71.08	9	7.88	0	27	0	0	0	0	0	0	0	0	0	0	0	"2026"	16.5	18.66	3	4.27	0	0.61	75	71.08	3
"2026_03_ARI_SF"	0	0	52	0	0	0	0	0	0	0	0	0	0	0	0	0	0	"00-0041027"	"RB"	"ARI"	9	318	5	52	12.9	10.14	2	1.83	0	0	0.05	1	0.65	0	0	19	25.14	5	3.74	21	27	9	11.12	3	5.48	0	0	0.37	0	0	90	88.97	"2026"	21.9	21.259999999999998	5	7.3100000000000005	1	1.02	109	114.11	3
"2026_03_ATL_GB"	0	0	25	0	0	0	0	0	0	0	0	0	0	0	0	0	0	"00-0038542"	"RB"	"ATL"	-10	149	2	25	3.9	2.77	1	0.57	0	0	0.01	0	0.02	0	0	19	9.57	2	1.71	29	41	31.4	23.47	11	6.93	0	2	2.09	0	0	194	109.5	"2026"	35.3	26.24	12	7.5	2	2.11	213	119.07	3
"2026_03_ATL_GB"	392	53	53	28	33.71	18.48	20.56	15	19.16	1	1.45	2	2.43	0	0	312	343.28	"00-0036264"	"QB"	"GB"	0	392	0	53	0	0	0	0	0	0	0	0	0	0	0	0	0	0	0	1	9	0	0	0	0	0	0	0	0	0	0	0	"2026"	18.48	20.56	15	19.16	2	2.43	312	343.28	3
"2026_03_ATL_GB"	0	0	25	0	0	0	0	0	0	0	0	0	0	0	0	0	0	"00-0036970"	"TE"	"ATL"	8	149	2	25	1.5	2.99	0	0.44	0	0	0.02	0	0	0	0	5	13.75	1	1.59	0	41	0	0	0	0	0	0	0	0	0	0	0	"2026"	1.5	2.99	0	0.44	0	0	5	13.75	3
"2026_03_BAL_DAL"	0	0	20	0	0	0	0	0	0	0	0	0	0	0	0	0	0	"00-0032764"	"RB"	"BAL"	-5	181	1	20	1	1.02	0	0.12	0	0	0.01	0	0	0	0	0	3.42	1	0.66	26	38	20.9	23.21	4	6.92	0	2	2.21	0	0	89	99.34	"2026"	21.9	24.23	4	7.04	2	2.21	89	102.76	3
"2026_03_CIN_PIT"	259	37	37	28	24.86	23.28	13.82	14	14.02	0	0.77	3	1.28	0	0	282	256.62	"00-0036442"	"QB"	"CIN"	0	259	0	37	0	0	0	0	0	0	0	0	0	0	0	0	0	0	0	2	18	1.3	1.29	1	1.41	0	0	0.01	0	0	13	12.1	"2026"	24.580000000000002	15.11	15	15.43	3	1.29	295	268.72	3
"2026_03_CIN_PIT"	0	0	37	0	0	0	0	0	0	0	0	0	0	0	0	0	0	"00-0036900"	"WR"	"CIN"	99	259	12	37	24.8	20.69	6	4.97	0	0	0.25	1	0.61	0	0	98	90.08	9	8.04	0	18	0	0	0	0	0	0	0	0	0	0	0	"2026"	24.8	20.69	6	4.97	1	0.61	98	90.08	3
"2026_03_HOU_IND"	335	27	27	16	16.11	10.68	12.68	8	10.22	0	0.84	1	1.49	0	0	167	210.36	"00-0039163"	"QB"	"HOU"	0	335	0	27	0	0	0	0	0	0	0	0	0	0	0	0	0	0	0	2	21	1	1.1	2	1.43	0	0	0.01	0	0	10	10.64	"2026"	11.68	13.78	10	11.65	1	1.5	177	221	3
"2026_03_HOU_IND"	0	0	36	0	0	0	0	0	0	0	0	0	0	0	0	0	0	"00-0030279"	"WR"	"IND"	71	281	9	36	18.3	16.09	3	3.87	0	0	0.21	1	0.6	0	0	63	64.5	6	6.01	0	31	0	0	0	0	0	0	0	0	0	0	0	"2026"	18.3	16.09	3	3.87	1	0.6	63	64.5	3
"2026_03_LAC_BUF"	266	26	26	16	17.01	4.16	11.21	10	11.4	2	0.58	0	0.9	0	0	204	218.94	"00-0034857"	"QB"	"BUF"	-8	266	1	26	1.1	1.3	0	0.2	0	0	0.01	0	0	0	0	1	4.09	1	0.88	8	33	14.2	11.06	3	2.71	0	2	1.46	0	0	22	23.04	"2026"	19.46	23.57	13	14.31	2	2.36	227	246.07	3
"2026_03_LAC_BUF"	0	0	34	0	0	0	0	0	0	0	0	0	0	0	0	0	0	"00-0040189"	"TE"	"LAC"	28	292	3	34	0	4.18	0	1.04	0	0	0.11	0	0.1	0	0	0	19.51	0	1.61	0	28	0	0	0	0	0	0	0	0	0	0	0	"2026"	0	4.18	0	1.04	0	0.1	0	19.51	3
"2026_03_LAC_BUF"	0	0	26	0	0	0	0	0	0	0	0	0	0	0	0	0	0	"00-0037248"	"RB"	"BUF"	-2	266	1	26	0	1.41	0	0.39	0	0	0.01	0	0	0	0	0	5.59	0	0.84	24	33	19.4	13.36	8	3.36	1	1	0.63	0	0	154	95.62	"2026"	19.4	14.77	8	3.75	1	0.63	154	101.21000000000001	3
"2026_03_LV_NO"	0	0	42	0	0	0	0	0	0	0	0	0	0	0	0	0	0	"00-0036973"	"RB"	"NO"	0	311	2	42	3.3	2.9	1	0.62	0	0	0.01	0	0.01	0	0	13	11.86	2	1.67	13	28	5.7	10.26	4	4.25	0	0	0.87	0	0	57	50.33	"2026"	9	13.16	5	4.87	0	0.88	70	62.19	3
"2026_03_MIN_TB"	0	0	29	0	0	0	0	0	0	0	0	0	0	0	0	0	0	"00-0036322"	"WR"	"MIN"	18	252	2	29	5.2	3.55	1	0.65	0	0	0.07	0	0.02	0	0	32	20.09	2	1.42	0	23	0	0	0	0	0	0	0	0	0	0	0	"2026"	5.2	3.55	1	0.65	0	0.02	32	20.09	3
"2026_03_NE_JAX"	0	0	31	0	0	0	0	0	0	0	0	0	0	0	0	0	0	"00-0033090"	"TE"	"NE"	15	362	2	31	1.5	3.27	0	0.95	0	0	0.05	0	0.02	0	0	5	17.57	1	1.42	0	26	0	0	0	0	0	0	0	0	0	0	0	"2026"	1.5	3.27	0	0.95	0	0.02	5	17.57	3
"2026_03_NYJ_DET"	0	0	32	0	0	0	0	0	0	0	0	0	0	0	0	0	0	"00-0036963"	"WR"	"DET"	57	193	8	32	11.9	15.9	2	3.4	0	0	0.13	1	0.68	0	0	19	62.28	4	5.62	0	30	0	0	0	0	0	0	0	0	0	0	0	"2026"	11.9	15.9	2	3.4	1	0.68	19	62.28	3
"2026_03_PHI_CHI"	0	0	26	0	0	0	0	0	0	0	0	0	0	0	0	0	0	"00-0040867"	"WR"	"PHI"	46	155	4	26	5.9	5.48	2	1.21	0	0	0.24	0	0.08	0	0	29	25.88	3	2.43	0	19	0	0	0	0	0	0	0	0	0	0	0	"2026"	5.9	5.48	2	1.21	0	0.08	29	25.88	3
"2026_03_SEA_WAS"	-7	1	46	1	0.56	0.56	0.06	1	0.08	0	0.02	0	0.01	0	0	14	1.41	"00-0038543"	"WR"	"SEA"	151	290	14	46	34.8	26.57	9	6.64	0	1	0.5	2	1.29	0	0	128	108.48	10	7.96	0	18	0	0	0	0	0	0	0	0	0	0	0	"2026"	35.36	26.63	10	6.72	2	1.3	142	109.89	3
"2026_01_ATL_PIT"	0	0	41	0	0	0	0	0	0	0	0	0	0	0	0	0	0	null	null	"PIT"	19	407	4	41	0	6.63	0	1.22	0	0	0.08	0	0.36	0	0	0	21.3	0	2.34	0	21	0	0	0	0	0	0	0	0	0	0	0	"2026"	0	6.63	0	1.22	0	0.36	0	21.3	1
"2026_01_ATL_PIT"	0	0	22	0	0	0	0	0	0	0	0	0	0	0	0	0	0	null	null	"ATL"	2	77	3	22	0	4.15	0	0.37	0	0	0.05	0	0.01	0	0	0	17.19	0	2.35	0	31	0	0	0	0	0	0	0	0	0	0	0	"2026"	0	4.15	0	0.37	0	0.01	0	17.19	1
