defense_pct	defense_snaps	game_id	game_type	offense_pct	offense_snaps	opponent	pfr_game_id	pfr_player_id	position	season	st_pct	st_snaps	team	week
0	0	"2026_01_ARI_LAC"	"REG"	0.18	10	"ARI"	"202609130sdg"	"GadsOr01"	"TE"	2026	0.33	8	"LAC"	1
0	0	"2026_01_ARI_LAC"	"REG"	0.8	60	"LAC"	"202609130sdg"	"McBrTr01"	"TE"	2026	0	0	"ARI"	1
0	0	"2026_01_ARI_LAC"	"REG"	0.43	32	"LAC"	"202609130sdg"	"LoveJe00"	"RB"	2026	0	0	"ARI"	1
0	0	"2026_01_ATL_PIT"	"REG"	0.77	46	"PIT"	"202609130pit"	"RobiBi01"	"RB"	2026	0	0	"ATL"	1
0	0	"2026_01_ATL_PIT"	"REG"	0.63	38	"PIT"	"202609130pit"	"PittKy00"	"TE"	2026	0	0	"ATL"	1
0	0	"2026_01_BAL_IND"	"REG"	0.67	36	"BAL"	"202609130clt"	"AlleKe00"	"WR"	2026	0	0	"IND"	1
0	0	"2026_01_BAL_IND"	"REG"	0.54	37	"IND"	"202609130clt"	"HenrDe00"	"RB"	2026	0	0	"BAL"	1
0	0	"2026_01_BUF_HOU"	"REG"	1	79	"BUF"	"202609130htx"	"StroCJ00"	"QB"	2026	0	0	"HOU"	1
0	0	"2026_01_BUF_HOU"	"REG"	0	0	"BUF"	"202609130htx"	"FairKa01"	"K"	2026	0.35	11	"HOU"	1
0	0	"2026_01_BUF_HOU"	"REG"	1	58	"HOU"	"202609130htx"	"AlleJo02"	"QB"	2026	0	0	"BUF"	1
0	0	"2026_01_BUF_HOU"	"REG"	0.72	42	"HOU"	"202609130htx"	"CookJa01"	"RB"	2026	0	0	"BUF"	1
0	0	"2026_01_BUF_HOU"	"REG"	0.31	18	"HOU"	"202609130htx"	"PalmJo00"	"WR"	2026	0	0	"BUF"	1
0	0	"2026_01_DAL_NYG"	"REG"	0	0	"NYG"	"202609130nyg"	"AubrBr00"	"K"	2026	0.37	7	"DAL"	1
0	0	"2026_01_GB_MIN"	"REG"	0.92	60	"GB"	"202609130min"	"JeffJu00"	"WR"	2026	0	0	"MIN"	1
0	0	"2026_01_GB_MIN"	"REG"	1	68	"MIN"	"202609130min"	"LoveJo03"	"QB"	2026	0	0	"GB"	1
0	0	"2026_01_GB_MIN"	"REG"	0	0	"MIN"	"202609130min"	"SmacTr00"	"K"	2026	0.39	12	"GB"	1
0	0	"2026_01_NE_SEA"	"REG"	0.9	45	"NE"	"202609090sea"	"SmitJa06"	"WR"	2026	0	0	"SEA"	1
0	0	"2026_01_NE_SEA"	"REG"	0.76	54	"SEA"	"202609090sea"	"HenrHu00"	"TE"	2026	0	0	"NE"	1
0	0	"2026_01_NO_DET"	"REG"	0.9	69	"NO"	"202609130det"	"StxxAm00"	"WR"	2026	0	0	"DET"	1
0	0	"2026_01_NO_DET"	"REG"	0.59	53	"DET"	"202609130det"	"EtieTr00"	"RB"	2026	0	0	"NO"	1
0	0	"2026_01_TB_CIN"	"REG"	1	64	"TB"	"202609130cin"	"BurrJo01"	"QB"	2026	0	0	"CIN"	1
0	0	"2026_01_TB_CIN"	"REG"	0.94	60	"TB"	"202609130cin"	"ChasJa00"	"WR"	2026	0	0	"CIN"	1
0	0	"2026_01_WAS_PHI"	"REG"	0.64	35	"WAS"	"202609130phi"	"LemoMa00"	"WR"	2026	0	0	"PHI"	1
0	0	"2026_02_CAR_ATL"	"REG"	0.51	35	"CAR"	"202609200atl"	"RobiBi01"	"RB"	2026	0	0	"ATL"	2
0	0	"2026_02_CAR_ATL"	"REG"	0.38	26	"CAR"	"202609200atl"	"PittKy00"	"TE"	2026	0	0	"ATL"	2
0	0	"2026_02_CIN_HOU"	"REG"	1	80	"CIN"	"202609200htx"	"StroCJ00"	"QB"	2026	0	0	"HOU"	2
0	0	"2026_02_CIN_HOU"	"REG"	0	0	"CIN"	"202609200htx"	"FairKa01"	"K"	2026	0.24	7	"HOU"	2
0	0	"2026_02_CIN_HOU"	"REG"	1	60	"HOU"	"202609200htx"	"BurrJo01"	"QB"	2026	0	0	"CIN"	2
0	0	"2026_02_CIN_HOU"	"REG"	0.88	53	"HOU"	"202609200htx"	"ChasJa00"	"WR"	2026	0	0	"CIN"	2
0	0	"2026_02_DET_BUF"	"REG"	1	74	"DET"	"202609170buf"	"AlleJo02"	"QB"	2026	0	0	"BUF"	2
0	0	"2026_02_DET_BUF"	"REG"	0.74	55	"DET"	"202609170buf"	"CookJa01"	"RB"	2026	0	0	"BUF"	2
0	0	"2026_02_DET_BUF"	"REG"	0.38	28	"DET"	"202609170buf"	"PalmJo00"	"WR"	2026	0	0	"BUF"	2
0	0	"2026_02_DET_BUF"	"REG"	0.95	62	"BUF"	"202609170buf"	"StxxAm00"	"WR"	2026	0	0	"DET"	2
0	0	"2026_02_GB_NYJ"	"REG"	1	59	"NYJ"	"202609200nyj"	"LoveJo03"	"QB"	2026	0	0	"GB"	2
0	0	"2026_02_GB_NYJ"	"REG"	0	0	"NYJ"	"202609200nyj"	"SmacTr00"	"K"	2026	0.31	9	"GB"	2
0	0	"2026_02_IND_KC"	"REG"	0.51	33	"KC"	"202609200kan"	"AlleKe00"	"WR"	2026	0	0	"IND"	2
0	0	"2026_02_LV_LAC"	"REG"	0.44	30	"LV"	"202609200sdg"	"GadsOr01"	"TE"	2026	0.41	11	"LAC"	2
0	0	"2026_02_MIN_CHI"	"REG"	1	52	"CHI"	"202609200chi"	"JeffJu00"	"WR"	2026	0	0	"MIN"	2
0	0	"2026_02_NO_BAL"	"REG"	0.53	31	"NO"	"202609200rav"	"HenrDe00"	"RB"	2026	0	0	"BAL"	2
0	0	"2026_02_NO_BAL"	"REG"	0.54	37	"BAL"	"202609200rav"	"EtieTr00"	"RB"	2026	0	0	"NO"	2
0	0	"2026_02_PHI_TEN"	"REG"	0.63	48	"TEN"	"202609200oti"	"LemoMa00"	"WR"	2026	0	0	"PHI"	2
0	0	"2026_02_PIT_NE"	"REG"	0.91	50	"PIT"	"202609200nwe"	"HenrHu00"	"TE"	2026	0	0	"NE"	2
0	0	"2026_02_SEA_ARI"	"REG"	0.88	44	"SEA"	"202609200crd"	"McBrTr01"	"TE"	2026	0	0	"ARI"	2
0	0	"2026_02_SEA_ARI"	"REG"	0.4	20	"SEA"	"202609200crd"	"LoveJe00"	"RB"	2026	0	0	"ARI"	2
0	0	"2026_02_SEA_ARI"	"REG"	0.67	47	"ARI"	"202609200crd"	"SmitJa06"	"WR"	2026	0	0	"SEA"	2
0	0	"2026_02_WAS_DAL"	"REG"	0	0	"WAS"	"202609200dal"	"AubrBr00"	"K"	2026	0.56	15	"DAL"	2
0	0	"2026_03_ARI_SF"	"REG"	0.91	79	"SF"	"202609270sfo"	"McBrTr01"	"TE"	2026	0	0	"ARI"	3
0	0	"2026_03_ARI_SF"	"REG"	0.64	56	"SF"	"202609270sfo"	"LoveJe00"	"RB"	2026	0	0	"ARI"	3
0	0	"2026_03_ATL_GB"	"REG"	1	66	"ATL"	"202609240gnb"	"LoveJo03"	"QB"	2026	0	0	"GB"	3
0	0	"2026_03_ATL_GB"	"REG"	0	0	"ATL"	"202609240gnb"	"SmacTr00"	"K"	2026	0.24	6	"GB"	3
0	0	"2026_03_ATL_GB"	"REG"	0.72	51	"GB"	"202609240gnb"	"RobiBi01"	"RB"	2026	0	0	"ATL"	3
0	0	"2026_03_ATL_GB"	"REG"	0.59	42	"GB"	"202609240gnb"	"PittKy00"	"TE"	2026	0	0	"ATL"	3
0	0	"2026_03_BAL_DAL"	"REG"	0	0	"BAL"	"202609270dal"	"AubrBr00"	"K"	2026	0.43	13	"DAL"	3
0	0	"2026_03_BAL_DAL"	"REG"	0.67	43	"DAL"	"202609270dal"	"HenrDe00"	"RB"	2026	0	0	"BAL"	3
0	0	"2026_03_CIN_PIT"	"REG"	1	57	"PIT"	"202609270pit"	"BurrJo01"	"QB"	2026	0	0	"CIN"	3
0	0	"2026_03_CIN_PIT"	"REG"	1	57	"PIT"	"202609270pit"	"ChasJa00"	"WR"	2026	0	0	"CIN"	3
0	0	"2026_03_HOU_IND"	"REG"	0.73	52	"HOU"	"202609270clt"	"AlleKe00"	"WR"	2026	0	0	"IND"	3
0	0	"2026_03_HOU_IND"	"REG"	1	54	"IND"	"202609270clt"	"StroCJ00"	"QB"	2026	0	0	"HOU"	3
0	0	"2026_03_HOU_IND"	"REG"	0	0	"IND"	"202609270clt"	"FairKa01"	"K"	2026	0.29	7	"HOU"	3
0	0	"2026_03_LAC_BUF"	"REG"	1	66	"LAC"	"202609270buf"	"AlleJo02"	"QB"	2026	0	0	"BUF"	3
0	0	"2026_03_LAC_BUF"	"REG"	0.67	44	"LAC"	"202609270buf"	"CookJa01"	"RB"	2026	0	0	"BUF"	3
0	0	"2026_03_LAC_BUF"	"REG"	0.32	21	"LAC"	"202609270buf"	"PalmJo00"	"WR"	2026	0	0	"BUF"	3
0	0	"2026_03_LAC_BUF"	"REG"	0.57	39	"BUF"	"202609270buf"	"GadsOr01"	"TE"	2026	0.04	1	"LAC"	3
0	0	"2026_03_LV_NO"	"REG"	0.38	28	"LV"	"202609270nor"	"EtieTr00"	"RB"	2026	0	0	"NO"	3
0	0	"2026_03_MIN_TB"	"REG"	0.12	7	"TB"	"202609270tam"	"JeffJu00"	"WR"	2026	0	0	"MIN"	3
0	0	"2026_03_NE_JAX"	"REG"	0.7	44	"JAX"	"202609270jax"	"HenrHu00"	"TE"	2026	0	0	"NE"	3
0	0	"2026_03_NYJ_DET"	"REG"	0.74	48	"NYJ"	"202609270det"	"StxxAm00"	"WR"	2026	0	0	"DET"	3
0	0	"2026_03_PHI_CHI"	"REG"	0.7	35	"CHI"	"202609280chi"	"LemoMa00"	"WR"	2026	0	0	"PHI"	3
0	0	"2026_03_SEA_WAS"	"REG"	0.87	58	"WAS"	"202609270was"	"SmitJa06"	"WR"	2026	0	0	"SEA"	3
