attempts	carries	completions	def_fg_blocks	def_fumbles	def_fumbles_forced	def_interception_yards	def_interceptions	def_pass_defended	def_pat_blocks	def_punt_blocks	def_qb_hits	def_sack_yards	def_sacks	def_safeties	def_tackles_for_loss	def_tds	fg_att	fg_blocked	fg_blocked_list	fg_long	fg_made	fg_made_0_19	fg_made_20_29	fg_made_30_39	fg_made_40_49	fg_made_50_59	fg_made_60_	fg_made_list	fg_missed	fg_missed_0_19	fg_missed_20_29	fg_missed_30_39	fg_missed_40_49	fg_missed_50_59	fg_missed_60_	fg_missed_list	fumble_recovery_opp	fumble_recovery_own	fumble_recovery_tds	fumble_recovery_yards_opp	fumbles_lost_total	fumbles_total	game_id	kickoff_return_yards	kickoff_returns	opponent_team	passing_2pt_conversions	passing_air_yards	passing_cpoe	passing_epa	passing_first_downs	passing_interceptions	passing_tds	passing_yards	passing_yards_after_catch	pat_att	pat_blocked	pat_made	pat_missed	penalties	penalty_yards	punt_return_yards	punt_returns	receiving_2pt_conversions	receiving_air_yards	receiving_epa	receiving_first_downs	receiving_fumbles	receiving_fumbles_lost	receiving_tds	receiving_yards	receiving_yards_after_catch	receptions	rushing_2pt_conversions	rushing_epa	rushing_first_downs	rushing_fumbles	rushing_fumbles_lost	rushing_tds	rushing_yards	sack_fumbles	sack_fumbles_lost	sack_yards_lost	sacks_suffered	season	season_type	special_teams_tds	targets	team	timeouts	week
37	34	27	0	0	1	0	1	6	0	1	5	22	3	0	5	0	5	0	null	49	4	0	1	1	2	0	0	"27;44;34;49"	1	0	0	0	0	1	0	"54"	1	0	0	0	0	0	"2026_01_ARI_LAC"	69	3	"LAC"	0	283	4.605903093879287	9.012864685153245	15	0	1	277	98	2	0	2	0	8	111	0	0	0	283	10.60898277023959	15	0	0	1	277	98	27	0	-0.5958587992174398	7	0	0	1	116	0	0	0	1	2026	"REG"	0	37	"ARI"	3	1
22	31	12	0	0	1	0	0	5	0	0	6	15	2	0	4	0	4	0	null	51	2	0	0	0	1	1	0	"51;43"	2	0	0	0	1	1	0	"54;45"	1	2	0	0	0	2	"2026_01_ATL_PIT"	123	4	"PIT"	0	77	-10.418013365645157	-15.764547433458114	4	2	1	143	118	1	0	1	0	9	96	33	3	0	77	-7.013960702447997	4	1	0	1	143	118	12	0	-2.532778510663044	9	1	0	0	120	0	0	-25	4	2026	"REG"	0	19	"ATL"	5	1
25	37	17	0	0	1	1	1	4	0	0	9	17	2	0	6	0	2	0	null	57	2	0	0	0	1	1	0	"57;45"	0	0	0	0	0	0	0	null	1	0	0	0	1	1	"2026_01_BAL_IND"	151	5	"IND"	0	269	4.801740248998006	10.343673247451648	11	0	1	324	169	5	0	5	0	10	86	30	3	0	269	17.214923517603893	11	0	0	1	324	169	17	0	6.658931777352398	12	0	0	4	202	1	1	-20	2	2026	"REG"	0	24	"BAL"	4	1
29	21	20	0	0	2	0	0	2	0	0	9	17	3	0	8	0	3	0	null	46	3	0	0	2	1	0	0	"46;34;33"	0	0	0	0	0	0	0	null	2	2	0	0	0	2	"2026_01_BUF_HOU"	133	5	"HOU"	0	383	8.141485282352992	14.535023926041614	13	0	2	334	109	3	0	3	0	10	85	10	2	0	383	18.642609215848207	13	0	0	2	334	109	20	0	-2.6135950712196063	5	2	0	2	86	0	0	-11	2	2026	"REG"	0	28	"BUF"	1	1
35	27	25	0	0	4	0	0	1	0	0	6	23	4	0	5	0	4	0	null	58	4	0	1	1	0	2	0	"20;55;58;32"	0	0	0	0	0	0	0	null	4	0	1	27	0	0	"2026_01_TB_CIN"	142	6	"TB"	0	226	6.35173276943319	-2.6269530624217747	14	1	1	254	144	3	0	3	0	7	47	0	0	0	226	2.1286128661129133	14	0	0	1	254	144	25	0	-0.6561809138220269	10	0	0	1	106	0	0	-9	1	2026	"REG"	0	34	"CIN"	5	1
34	18	22	0	0	4	0	0	2	0	0	6	1	2	0	3	0	0	0	null	null	0	0	0	0	0	0	0	null	0	0	0	0	0	0	0	null	1	0	0	-3	0	0	"2026_01_DAL_NYG"	122	5	"NYG"	0	309	7.729866604010264	10.380902764562052	12	1	2	175	91	3	0	2	1	9	90	0	0	0	309	13.508291915524751	12	0	0	2	175	91	22	0	1.0939399310736917	4	0	0	1	69	0	0	0	0	2026	"REG"	0	30	"DAL"	5	1
39	33	26	0	0	1	4	2	8	0	0	9	32	5	0	7	0	1	0	null	23	1	0	1	0	0	0	0	"23"	0	0	0	0	0	0	0	null	1	1	0	0	1	2	"2026_01_NO_DET"	84	4	"NO"	0	207	-2.90968670294835	5.854510969133761	10	0	2	206	97	4	0	4	0	8	61	35	3	0	207	1.2705823449657232	10	1	1	2	206	97	26	0	-0.7072072079754435	14	1	0	2	165	0	0	-2	1	2026	"REG"	0	39	"DET"	3	1
42	21	21	0	0	0	11	1	2	0	0	6	19	3	0	4	0	3	0	null	59	3	0	1	0	1	1	0	"59;43;26"	0	0	0	0	0	0	0	null	0	1	0	0	1	2	"2026_01_GB_MIN"	176	6	"MIN"	0	469	-9.65405449271202	-2.7036460936736173	16	1	2	387	160	2	0	1	1	12	98	17	2	0	469	8.11428885262894	16	0	0	2	387	160	21	0	-9.00967433155165	3	0	0	0	66	2	1	-34	4	2026	"REG"	0	40	"GB"	3	1
38	32	26	0	0	1	0	0	5	0	0	4	11	2	0	3	0	1	0	null	58	1	0	0	0	0	1	0	"58"	0	0	0	0	0	0	0	null	0	0	0	0	2	2	"2026_01_BUF_HOU"	202	8	"BUF"	0	322	3.161677476522085	1.4964428132799918	11	0	2	274	114	4	0	4	0	7	106	0	0	0	322	10.733134218956529	11	0	0	2	274	114	26	0	3.533818865485955	10	0	0	2	124	2	2	-17	3	2026	"REG"	0	37	"HOU"	4	1
31	20	19	0	0	1	0	0	0	0	0	4	20	2	0	0	0	1	0	null	58	1	0	0	0	0	1	0	"58"	0	0	0	0	0	0	0	null	1	0	0	0	1	1	"2026_01_BAL_IND"	197	6	"BAL"	0	201	-5.060457874988687	-9.612229877368634	8	1	1	166	76	3	0	2	1	4	29	0	0	0	201	-8.047693938525015	8	1	1	1	166	76	19	0	2.4474834225839004	8	0	0	2	102	0	0	-17	2	2026	"REG"	0	29	"IND"	2	1
27	21	17	0	0	0	0	0	4	0	0	6	0	1	0	1	0	0	0	null	null	0	0	0	0	0	0	0	null	0	0	0	0	0	0	0	null	0	0	0	0	1	1	"2026_01_ARI_LAC"	80	4	"ARI"	0	273	-6.209376123216417	-5.607666317024268	9	1	1	209	78	2	0	2	0	7	64	0	0	0	273	0.009720406786073	9	0	0	1	209	78	17	0	-6.834242858982179	6	1	1	1	81	0	0	-22	3	2026	"REG"	0	27	"LAC"	4	1
24	34	15	0	0	2	28	1	4	0	0	15	34	4	0	7	0	1	0	null	38	1	0	0	1	0	0	0	"38"	0	0	0	0	0	0	0	null	1	0	0	7	0	0	"2026_01_GB_MIN"	179	5	"GB"	1	176	-4.892612410628277	0.5188167637349661	8	1	3	151	46	4	0	4	0	3	15	13	1	1	176	5.783733707121163	8	0	0	3	151	46	15	0	-1.6750803840404842	6	0	0	2	107	0	0	-19	3	2026	"REG"	0	23	"MIN"	1	1
33	31	23	0	0	0	0	0	2	0	0	6	12	2	0	3	0	1	0	null	50	1	0	0	0	0	1	0	"50"	0	0	0	0	0	0	0	null	0	0	0	0	0	0	"2026_01_NE_SEA"	107	4	"SEA"	0	221	5.9704506589520365	-4.621354154985982	9	3	1	178	111	1	0	1	0	7	50	0	0	0	221	-0.5060224196404464	9	0	0	1	178	111	23	0	-2.723739971232135	7	0	0	0	109	0	0	-10	3	2026	"REG"	0	31	"NE"	4	1
56	25	35	0	0	1	0	0	5	0	0	8	2	1	0	5	0	2	0	null	28	1	0	1	0	0	0	0	"28"	1	0	0	0	0	0	1	"62"	1	1	0	0	1	2	"2026_01_NO_DET"	74	4	"DET"	0	483	-1.2056044661081755	-1.007320272566536	19	2	3	410	116	3	0	3	0	6	53	21	4	0	483	11.918675624678686	19	0	0	3	410	116	35	0	-1.6562374110799283	7	1	0	1	91	1	1	-32	5	2026	"REG"	0	52	"NO"	5	1
25	25	14	0	0	1	0	0	2	1	0	2	1	1	0	2	0	1	0	null	35	1	0	0	1	0	0	0	"35"	0	0	0	0	0	0	0	null	0	0	0	0	0	0	"2026_01_WAS_PHI"	75	3	"WAS"	0	225	0.8679412982680581	1.2733763278082288	6	0	3	203	65	3	0	3	0	5	40	37	4	0	225	8.010543426134838	6	0	0	3	203	65	14	0	2.3484578697243705	4	0	0	0	136	0	0	-21	3	2026	"REG"	0	22	"PHI"	2	1
24	22	17	0	0	0	30	3	6	0	0	5	10	3	0	9	0	2	0	null	30	2	0	1	1	0	0	0	"30;26"	0	0	0	0	0	0	0	null	0	0	0	0	0	0	"2026_01_NE_SEA"	80	3	"NE"	0	154	2.3635162661472955	4.368448903068794	9	0	1	200	104	1	0	1	0	10	98	9	1	0	154	7.728113408416403	9	0	0	1	200	104	17	0	-1.2850988117279485	4	0	0	0	97	0	0	-12	2	2026	"REG"	0	24	"SEA"	6	1
28	17	17	0	0	2	0	0	3	0	0	3	16	1	0	6	0	0	0	null	null	0	0	0	0	0	0	0	null	0	0	0	0	0	0	0	null	1	0	0	0	0	0	"2026_02_SEA_ARI"	96	3	"SEA"	0	109	-5.569126628912413	-8.084280184295494	4	1	1	95	58	1	0	1	0	6	48	0	0	0	109	-2.121639025339391	4	0	0	1	95	58	17	0	-7.201811644830741	4	0	0	0	70	0	0	-14	2	2026	"REG"	0	26	"ARI"	2	2
32	32	18	0	0	1	0	0	4	0	0	8	15	2	0	3	0	2	0	null	41	1	0	0	0	1	0	0	"41"	1	0	0	0	0	1	0	"53"	0	0	0	0	2	2	"2026_02_CAR_ATL"	79	4	"CAR"	0	159	-18.845281101042225	-25.050688648025112	10	3	0	145	106	0	0	0	0	6	39	7	1	0	159	-16.660000188694408	10	0	0	0	145	106	18	0	-6.66513916029362	7	1	1	0	157	1	1	-16	3	2026	"REG"	0	31	"ATL"	1	2
31	22	21	0	0	0	0	0	2	0	0	4	19	3	0	7	0	2	1	"49"	49	1	0	0	0	1	0	0	"49"	0	0	0	0	0	0	0	null	0	0	0	0	0	0	"2026_02_NO_BAL"	108	4	"NO"	0	321	7.856235421937088	3.317396754683428	11	1	1	235	84	2	0	2	0	7	34	0	0	0	321	10.01531422921282	11	0	0	1	235	84	21	0	2.994572165189311	8	0	0	1	108	0	0	-31	3	2026	"REG"	0	29	"BAL"	5	2
31	36	20	0	0	1	0	0	7	0	0	11	38	4	0	5	0	0	0	null	null	0	0	0	0	0	0	0	null	0	0	0	0	0	0	0	null	0	1	0	0	0	1	"2026_02_DET_BUF"	93	4	"DET"	0	235	5.718685260840824	15.048808036139235	14	0	3	248	87	6	0	5	1	5	46	36	3	0	235	19.038957536919042	14	0	0	3	248	87	20	0	9.809400094527518	15	0	0	3	203	1	0	-5	2	2026	"REG"	0	28	"BUF"	4	2
31	23	20	0	0	0	0	0	8	0	0	7	39	4	0	8	0	2	0	null	57	2	0	0	0	0	2	0	"51;57"	0	0	0	0	0	0	0	null	0	0	0	0	0	0	"2026_02_CIN_HOU"	90	3	"HOU"	0	173	-6.5084441054251885	-0.5477255916431751	9	0	2	207	75	2	0	2	0	12	78	19	3	0	173	5.450293525462111	9	0	0	2	207	75	20	0	-4.783798184187617	3	0	0	0	85	0	0	-25	5	2026	"REG"	0	31	"CIN"	3	2
31	21	26	0	0	2	0	0	4	0	0	6	0	0	0	3	0	3	0	null	60	3	0	1	0	1	0	1	"25;44;60"	0	0	0	0	0	0	0	null	1	0	0	5	0	0	"2026_02_WAS_DAL"	122	4	"WAS"	0	244	18.024067917177753	15.104025984623087	16	0	4	279	88	4	0	4	0	5	32	9	1	0	244	18.761328502107247	16	0	0	4	279	88	26	0	-2.864960932871327	3	0	0	0	66	0	0	-13	2	2026	"REG"	0	31	"DAL"	5	2
38	20	26	0	0	1	0	0	1	0	0	8	5	2	0	3	0	1	0	null	31	1	0	0	1	0	0	0	"31"	0	0	0	0	0	0	0	null	0	2	0	0	0	2	"2026_02_DET_BUF"	157	6	"BUF"	0	337	5.997117961707868	18.57628674537409	19	0	4	327	126	4	0	4	0	10	58	0	0	0	337	26.244797702645883	19	0	0	4	327	126	26	0	-4.166792979208207	2	1	0	0	66	1	0	-38	4	2026	"REG"	0	38	"DET"	4	2
29	18	16	0	1	0	0	0	4	0	0	10	29	4	0	9	0	2	0	null	34	2	0	1	1	0	0	0	"34;26"	0	0	0	0	0	0	0	null	0	4	0	0	1	5	"2026_02_GB_NYJ"	116	4	"NYJ"	0	216	-13.596061694210974	-3.16850428629777	8	0	2	145	94	2	0	2	0	14	133	92	4	0	216	-1.5779082592075557	8	1	0	2	145	94	16	0	-7.940564332704525	4	2	1	0	63	1	0	-9	3	2026	"REG"	0	29	"GB"	5	2
56	18	30	0	0	0	0	0	3	0	0	10	25	5	0	8	0	3	0	null	45	2	0	0	1	1	0	0	"37;45"	1	0	0	0	0	1	0	"58"	0	1	0	0	0	1	"2026_02_CIN_HOU"	93	4	"CIN"	0	475	-8.43130749464035	-9.663400269544928	15	0	0	353	139	0	0	0	0	9	83	32	3	0	475	4.04654721801291	15	0	0	0	353	139	30	0	-9.689236802339057	3	0	0	0	60	0	0	-39	4	2026	"REG"	0	50	"HOU"	6	2
31	32	22	0	0	0	0	0	4	0	0	4	11	2	0	4	0	3	0	null	49	3	0	0	1	2	0	0	"42;49;38"	0	0	0	0	0	0	0	null	0	0	0	0	0	0	"2026_02_IND_KC"	160	6	"KC"	0	162	3.942838112513224	5.886350975633832	12	1	1	210	106	3	0	3	0	5	30	0	0	0	162	6.692271541833179	12	0	0	1	210	106	22	0	3.84580402582651	9	0	0	2	119	0	0	0	0	2026	"REG"	0	30	"IND"	7	2
27	32	15	0	0	1	2	1	4	0	0	10	5	2	0	4	0	1	0	null	null	0	0	0	0	0	0	0	null	1	0	0	0	0	1	0	"58"	0	3	0	0	1	6	"2026_02_LV_LAC"	73	3	"LV"	0	269	-6.276630323666793	-0.5631336291460474	8	2	1	192	104	2	0	2	0	8	45	0	0	0	269	3.2072836383106034	8	1	0	1	192	104	15	0	-15.623703687801026	7	2	1	1	127	2	0	-9	3	2026	"REG"	0	26	"LAC"	5	2
20	28	11	1	0	1	-1	1	7	0	0	10	29	4	0	5	0	3	0	null	49	3	0	0	2	1	0	0	"35;49;39"	0	0	0	0	0	0	0	null	1	1	0	0	0	1	"2026_02_MIN_CHI"	42	2	"CHI"	0	157	-8.320555718321549	0.5133037663841191	6	0	0	143	70	0	0	0	0	3	25	11	1	0	157	5.1977551810055544	6	0	0	0	143	70	11	0	-4.48560582526261	4	1	0	0	119	0	0	-16	3	2026	"REG"	0	19	"MIN"	3	2
22	28	14	0	0	2	11	1	5	0	0	7	43	4	0	6	0	3	0	null	45	2	0	0	1	1	0	0	"30;45"	1	0	0	0	1	0	0	"47"	1	0	1	19	1	2	"2026_02_PIT_NE"	29	1	"PIT"	0	196	0.8523635921024141	-1.2634178513651566	6	1	0	208	69	2	0	2	0	6	31	40	4	0	196	-1.2172662424746794	6	2	1	0	208	69	14	0	1.7269792599836364	7	0	0	1	136	0	0	-17	3	2026	"REG"	0	21	"NE"	3	2
34	27	27	1	0	0	2	1	3	0	0	6	31	3	0	4	0	3	0	null	51	3	0	1	0	1	1	0	"23;47;51"	0	0	0	0	0	0	0	null	0	1	0	0	0	1	"2026_02_NO_BAL"	91	3	"BAL"	0	213	14.051038026809692	10.928983345086273	11	0	1	252	115	1	0	1	0	5	35	13	2	0	213	16.487591447994234	11	0	0	1	252	115	27	1	-1.3893053535286204	6	1	0	1	65	0	0	-19	3	2026	"REG"	0	32	"NO"	1	2
37	32	26	0	0	1	0	0	1	0	0	3	14	2	0	6	0	1	0	null	58	1	0	0	0	0	1	0	"58"	0	0	0	0	0	0	0	null	0	0	0	0	0	0	"2026_02_PHI_TEN"	0	0	"TEN"	0	292	15.941754947690402	8.76701317328149	16	2	2	264	62	3	0	3	0	4	35	31	2	0	292	14.31220362818567	16	0	0	2	264	62	26	0	-5.960739048314281	5	0	0	1	89	0	0	-12	3	2026	"REG"	0	34	"PHI"	6	2
26	40	19	0	0	0	0	1	4	0	0	7	14	2	0	5	0	1	0	null	33	1	0	0	1	0	0	0	"33"	0	0	0	0	0	0	0	null	0	1	0	0	1	2	"2026_02_SEA_ARI"	47	2	"ARI"	0	227	8.66398329918201	16.08927548796843	12	0	3	235	108	4	0	4	0	3	26	29	3	0	227	16.445271406476117	12	0	0	3	235	108	19	0	-7.135016775078839	9	1	1	1	162	0	0	-16	1	2026	"REG"	0	26	"SEA"	5	2
52	27	38	0	0	0	0	0	5	0	0	3	0	0	0	2	0	3	0	null	49	3	0	1	0	2	0	0	"26;41;49"	0	0	0	0	0	0	0	null	1	0	0	0	0	0	"2026_03_ARI_SF"	157	6	"SF"	0	318	8.013468265533447	10.073927902751546	18	0	2	280	123	3	0	3	0	10	86	20	2	0	318	13.620198142769802	18	0	0	2	280	123	38	0	2.3441853238036856	6	0	0	1	93	0	0	-8	2	2026	"REG"	0	50	"ARI"	6	3
25	41	18	1	0	0	17	1	9	0	0	12	1	1	0	3	0	2	0	null	44	2	0	0	1	1	0	0	"44;31"	0	0	0	0	0	0	0	null	0	0	0	0	0	0	"2026_03_ATL_GB"	76	3	"GB"	1	149	8.77433743165887	9.511075021051639	8	1	1	256	167	3	0	3	0	6	83	22	2	1	149	11.876494065327407	8	0	0	1	256	167	18	0	12.049681426840834	15	0	0	3	242	0	0	0	0	2026	"REG"	0	23	"ATL"	0	3
20	38	15	1	0	2	0	0	5	0	0	7	9	1	0	6	0	2	0	null	56	2	0	1	0	0	1	0	"27;56"	0	0	0	0	0	0	0	null	1	0	0	0	0	0	"2026_03_BAL_DAL"	39	3	"DAL"	0	181	9.19438585639	11.92797839584487	11	0	2	186	91	4	0	4	0	9	78	24	1	0	181	11.92797839584487	11	0	0	2	186	91	15	0	-4.166595953778597	9	0	0	2	192	0	0	0	0	2026	"REG"	0	20	"BAL"	4	3
26	33	16	0	0	0	41	1	8	0	0	8	9	2	0	4	0	1	0	null	28	1	0	1	0	0	0	0	"28"	0	0	0	0	0	0	0	null	0	0	0	0	3	3	"2026_03_LAC_BUF"	92	3	"LAC"	0	266	-0.8816129313065455	-0.41856371665325254	10	2	0	204	108	3	0	3	0	10	88	8	1	0	266	3.752545713256595	10	1	1	0	204	108	16	0	2.1073174527846277	11	1	1	3	176	1	1	-30	4	2026	"REG"	0	26	"BUF"	3	3
37	18	28	0	1	0	11	1	6	0	0	8	19	2	0	3	0	2	0	null	50	2	0	0	1	0	1	0	"50;38"	0	0	0	0	0	0	0	null	0	0	0	0	2	2	"2026_03_CIN_PIT"	184	7	"PIT"	0	259	8.889996159721065	14.65216805457166	14	0	3	282	78	3	0	3	0	6	40	0	1	0	259	18.74414284728263	14	0	0	3	282	78	28	0	1.0699053505668417	5	0	0	0	83	1	1	-13	1	2026	"REG"	0	37	"CIN"	5	3
40	30	25	0	0	0	0	0	1	0	0	1	0	0	0	4	0	4	1	"59"	38	3	0	2	1	0	0	0	"28;38;23"	0	0	0	0	0	0	0	null	0	1	0	0	1	2	"2026_03_BAL_DAL"	31	1	"BAL"	1	272	-3.8378017395734787	13.32153209474043	14	0	1	276	115	2	0	2	0	7	88	34	3	1	272	11.443963464322596	14	1	1	1	276	116	25	0	-0.9379180572577752	10	1	0	2	148	0	0	-9	1	2026	"REG"	0	40	"DAL"	5	3
32	30	25	0	0	1	0	0	3	0	0	7	44	5	0	8	0	1	0	null	30	1	0	0	1	0	0	0	"30"	0	0	0	0	0	0	0	null	1	0	0	12	0	0	"2026_03_NYJ_DET"	104	3	"NYJ"	0	193	6.941527705038747	12.136147641522065	14	0	2	269	126	4	0	4	0	4	41	11	1	0	193	16.99319226487186	14	0	0	2	269	126	25	0	-1.847826893790625	9	0	0	2	131	0	0	-19	2	2026	"REG"	0	31	"DET"	0	3
53	9	28	0	0	0	5	1	2	0	0	1	0	0	0	5	0	1	1	"47"	null	0	0	0	0	0	0	0	null	0	0	0	0	0	0	0	null	0	1	0	0	0	1	"2026_03_ATL_GB"	180	7	"ATL"	0	392	-8.510311269292645	3.57120850867047	15	1	2	312	134	2	0	2	0	6	45	0	0	0	392	5.778013040355081	15	0	0	2	312	134	28	0	-2.7119694286375307	1	1	0	0	17	0	0	-1	1	2026	"REG"	0	51	"GB"	4	3
27	21	16	0	1	2	0	1	4	0	0	7	24	4	0	6	0	1	0	null	24	1	0	1	0	0	0	0	"24"	0	0	0	0	0	0	0	null	2	1	0	2	0	1	"2026_03_HOU_IND"	135	5	"IND"	0	335	0.1603623628616333	-3.091712493710424	8	0	1	167	30	2	0	2	0	2	14	11	1	0	335	1.4077336007040282	8	0	0	1	167	30	16	0	-1.6110987631836906	7	0	0	1	70	0	0	-14	3	2026	"REG"	0	25	"HOU"	5	3
36	31	24	0	0	1	0	0	7	0	0	7	14	3	0	2	0	4	0	null	58	4	0	0	2	0	2	0	"39;58;37;53"	0	0	0	0	0	0	0	null	0	1	0	0	2	3	"2026_03_HOU_IND"	32	1	"HOU"	0	281	-0.7597086259296962	-6.8715426013817575	11	1	1	235	111	1	0	1	0	6	41	25	2	0	281	10.222481071266099	11	0	0	1	235	111	24	0	-1.20192289352417	8	0	0	0	89	2	2	-24	4	2026	"REG"	0	35	"IND"	4	3
34	28	20	0	0	3	1	2	5	0	0	7	30	4	0	3	0	4	0	null	33	3	0	1	2	0	0	0	"31;21;33"	1	0	0	0	1	0	0	"45"	3	0	0	0	0	0	"2026_03_LAC_BUF"	106	4	"BUF"	0	292	-0.9744671258059415	-6.369609650015765	11	1	1	226	111	1	0	1	0	7	50	14	1	0	292	-2.819544798485869	11	0	0	1	226	111	20	0	1.8010742526691312	6	0	0	0	131	0	0	-9	2	2026	"REG"	0	33	"LAC"	4	3
29	23	15	0	0	0	0	2	7	0	0	12	31	6	0	6	0	3	0	null	56	3	0	0	0	1	2	0	"54;56;43"	0	0	0	0	0	0	0	null	0	0	0	0	0	0	"2026_03_MIN_TB"	132	5	"TB"	0	252	-3.923374354839325	-12.093946635718895	5	1	1	168	76	2	0	2	0	9	95	106	4	0	252	-4.356391833974487	5	0	0	1	168	76	15	0	-2.4077621790998474	4	0	0	0	78	0	0	-16	3	2026	"REG"	1	25	"MIN"	2	3
31	26	18	0	0	0	12	1	6	0	0	6	4	1	0	2	0	3	0	null	40	2	0	0	1	1	0	0	"35;40"	1	0	0	1	0	0	0	"38"	0	1	0	0	1	2	"2026_03_NE_JAX"	133	6	"JAX"	0	362	2.5741983453432717	-13.9126878769767	8	2	0	245	90	0	0	0	0	9	68	19	2	0	362	-4.053333815436483	8	0	0	0	245	90	18	0	-1.2518699694192037	6	1	0	0	83	1	1	-11	3	2026	"REG"	0	30	"NE"	4	3
42	28	29	0	0	3	0	0	3	0	0	6	21	3	0	5	0	0	0	null	null	0	0	0	0	0	0	0	null	0	0	0	0	0	0	0	null	1	0	0	0	3	4	"2026_03_LV_NO"	123	6	"LV"	0	311	4.3605937063694	-3.6271009749616496	18	1	4	255	123	4	1	3	0	8	36	11	1	0	311	5.559315564809367	18	1	1	4	255	123	29	0	2.4249354948406108	8	1	0	0	148	2	2	-22	2	2026	"REG"	0	40	"NO"	5	3
26	19	16	0	0	1	0	0	6	0	0	3	0	0	0	5	0	0	0	null	null	0	0	0	0	0	0	0	null	0	0	0	0	0	0	0	null	0	0	0	0	1	1	"2026_03_PHI_CHI"	70	3	"CHI"	0	155	-2.198927402496338	-16.52496435883222	6	2	0	153	83	1	0	1	0	10	61	8	1	0	155	-15.364564217801671	6	1	1	0	153	83	16	0	5.83400018105749	7	0	0	1	107	0	0	-12	2	2026	"REG"	0	25	"PHI"	3	3
46	18	32	0	0	0	0	0	3	0	0	9	7	2	0	5	0	1	0	null	57	1	0	0	0	0	1	0	"57"	0	0	0	0	0	0	0	null	0	1	0	0	1	2	"2026_03_SEA_WAS"	92	3	"WAS"	0	290	6.17857297261556	5.005248095101545	22	2	4	393	190	4	0	4	0	8	53	29	3	0	290	5.584958004492203	22	1	0	4	393	190	32	0	-7.976387614849955	3	1	1	0	44	0	0	0	0	2026	"REG"	0	45	"SEA"	6	3
