play_id	game_id	home_team	away_team	season_type	week	posteam	defteam	yardline_100	game_date	drive	qtr	down	goal_to_go	time	ydstogo	desc	play_type	yards_gained	qb_dropback	qb_kneel	qb_spike	qb_scramble	air_yards	field_goal_result	kick_distance	extra_point_result	two_point_conv_result	td_team	td_player_id	epa	wp	interception	safety	fumble_lost	rush_attempt	pass_attempt	sack	touchdown	pass_touchdown	rush_touchdown	return_touchdown	two_point_attempt	complete_pass	passer_player_id	receiver_player_id	rusher_player_id	punt_returner_player_id	kickoff_returner_player_id	kicker_player_id	return_yards	season	success	xpass	pass_oe
1	"2024_04_SEA_DET"	"DET"	"SEA"	"REG"	4	null	null	null	"2024-09-30"	null	1	null	0	"15:00"	0	"GAME"	null	null	null	0	0	0	null	null	null	null	null	null	null	0	0.5462617874145508	null	null	null	null	null	null	null	null	null	null	null	null	null	null	null	null	null	null	null	2024	0	null	null
41	"2024_04_SEA_DET"	"DET"	"SEA"	"REG"	4	"DET"	"SEA"	35	"2024-09-30"	1	1	null	0	"15:00"	0	"5-J.Myers kicks 64 yards from SEA 35 to DET 1. 11-K.Raymond to DET 27 for 26 yards (38-B.Russell)."	"kickoff"	0	0	0	0	0	null	null	64	null	null	null	null	0.1159998916555196	0.5462617874145508	0	0	0	0	0	0	0	0	0	0	0	0	null	null	null	null	"00-0032464"	"00-0031492"	26	2024	1	null	null
64	"2024_04_SEA_DET"	"DET"	"SEA"	"REG"	4	"DET"	"SEA"	73	"2024-09-30"	1	1	1	0	"14:53"	10	"(14:53) 16-J.Goff pass short left to 87-S.LaPorta to DET 28 for 1 yard (21-D.Witherspoon)."	"pass"	1	1	0	0	0	0	null	null	null	null	null	null	-0.618637430248782	0.5462617874145508	0	0	0	0	1	0	0	0	0	0	0	1	"00-0033106"	"00-0039065"	null	null	null	null	0	2024	0	0.49326008558273315	50.673991441726685
89	"2024_04_SEA_DET"	"DET"	"SEA"	"REG"	4	"DET"	"SEA"	72	"2024-09-30"	1	1	2	0	"14:20"	9	"(14:20) (Shotgun) 5-D.Montgomery up the middle to DET 31 for 3 yards (58-D.Hall)."	"run"	3	0	0	0	0	null	null	null	null	null	null	null	-0.3935535876080394	0.534910261631012	0	0	0	1	0	0	0	0	0	0	0	0	null	null	"00-0035685"	null	null	null	0	2024	0	0.6865964531898499	-68.65964531898499
111	"2024_04_SEA_DET"	"DET"	"SEA"	"REG"	4	"DET"	"SEA"	69	"2024-09-30"	1	1	3	0	"13:35"	6	"(13:35) (Shotgun) 16-J.Goff sacked at DET 17 for -14 yards (90-Ja.Reed)."	"pass"	-14	1	0	0	0	null	null	null	null	null	null	null	-2.8063545608893037	0.5185635089874268	0	0	0	0	1	1	0	0	0	0	0	0	"00-0033106"	null	null	null	null	null	0	2024	0	0.9838038086891174	1.6196191310882568
131	"2024_04_SEA_DET"	"DET"	"SEA"	"REG"	4	"DET"	"SEA"	83	"2024-09-30"	1	1	4	0	"12:54"	20	"(12:54) 3-J.Fox punts 50 yards to SEA 33, Center-49-H.Hatten. 33-D.Williams to SEA 41 for 8 yards (51-B.Niemann; 49-H.Hatten). PENALTY on SEA-22-T.Brown, Offensive Holding, 10 yards, enforced at SEA 33."	"punt"	0	0	0	0	0	null	null	50	null	null	null	null	1.0565092931501567	0.45431122183799744	0	0	0	0	0	0	0	0	0	0	0	0	null	null	null	"00-0039306"	null	null	0	2024	1	null	null
168	"2024_04_SEA_DET"	"DET"	"SEA"	"REG"	4	"SEA"	"DET"	77	"2024-09-30"	2	1	1	0	"12:43"	10	"(12:43) (Shotgun) 7-G.Smith pass deep left to 14-D.Metcalf ran ob at SEA 43 for 20 yards."	"pass"	20	1	0	0	0	20	null	null	null	null	null	null	1.436230621067807	0.49442026019096375	0	0	0	0	1	0	0	0	0	0	0	1	"00-0030565"	"00-0035640"	null	null	null	null	0	2024	1	0.4577774703502655	54.22225296497345
198	"2024_04_SEA_DET"	"DET"	"SEA"	"REG"	4	"SEA"	"DET"	57	"2024-09-30"	2	1	1	0	"12:02"	10	"(12:02) (No Huddle, Shotgun) 7-G.Smith pass incomplete deep left to 14-D.Metcalf [34-A.Anzalone]."	"pass"	0	1	0	0	0	17	null	null	null	null	null	null	-0.5591551784891635	0.5299929976463318	0	0	0	0	1	0	0	0	0	0	0	0	"00-0030565"	"00-0035640"	null	null	null	null	0	2024	0	0.46092021465301514	53.907978534698486
221	"2024_04_SEA_DET"	"DET"	"SEA"	"REG"	4	"SEA"	"DET"	57	"2024-09-30"	2	1	2	0	"11:58"	10	"(11:58) (Shotgun) 9-K.Walker right end to SEA 42 for -1 yards (46-J.Campbell, 31-K.Joseph)."	"run"	-1	0	0	0	0	null	null	null	null	null	null	null	-1.2643314730376005	0.5143467783927917	0	0	0	1	0	0	0	0	0	0	0	0	null	null	"00-0038134"	null	null	null	0	2024	0	0.5183175802230835	-51.83175802230835
243	"2024_04_SEA_DET"	"DET"	"SEA"	"REG"	4	"SEA"	"DET"	58	"2024-09-30"	2	1	3	0	"11:27"	11	"(11:27) (No Huddle, Shotgun) 7-G.Smith pass short middle to 14-D.Metcalf to 50 for 8 yards (44-M.Rodriguez)."	"pass"	8	1	0	0	0	3	null	null	null	null	null	null	-0.603645671159029	0.4712611138820648	0	0	0	0	1	0	0	0	0	0	0	1	"00-0030565"	"00-0035640"	null	null	null	null	0	2024	0	0.9765182137489319	2.3481786251068115
268	"2024_04_SEA_DET"	"DET"	"SEA"	"REG"	4	"SEA"	"DET"	50	"2024-09-30"	2	1	4	0	"10:39"	3	"(10:39) 4-M.Dickson punts 43 yards to DET 7, Center-41-C.Stoll, fair catch by 11-K.Raymond."	"punt"	0	0	0	0	0	null	null	43	null	null	null	null	-0.2242876251693815	0.48154106736183167	0	0	0	0	0	0	0	0	0	0	0	0	null	null	null	"00-0032464"	null	null	0	2024	0	null	null
288	"2024_04_SEA_DET"	"DET"	"SEA"	"REG"	4	"DET"	"SEA"	93	"2024-09-30"	3	1	1	0	"10:32"	10	"(10:32) 5-D.Montgomery up the middle to DET 18 for 11 yards (90-Ja.Reed; 20-J.Love)."	"run"	11	0	0	0	0	null	null	null	null	null	null	null	0.7240939645562321	0.5310944318771362	0	0	0	1	0	0	0	0	0	0	0	0	null	null	"00-0035685"	null	null	null	0	2024	1	0.3468932807445526	-34.68932807445526
317	"2024_04_SEA_DET"	"DET"	"SEA"	"REG"	4	"DET"	"SEA"	82	"2024-09-30"	3	1	1	0	"09:58"	10	"(9:58) 5-D.Montgomery left tackle to DET 22 for 4 yards (48-T.Knight, 0-T.Dodson)."	"run"	4	0	0	0	0	null	null	null	null	null	null	null	-0.32489910209551454	0.5418533086776733	0	0	0	1	0	0	0	0	0	0	0	0	null	null	"00-0035685"	null	null	null	0	2024	0	0.47417643666267395	-47.417643666267395
339	"2024_04_SEA_DET"	"DET"	"SEA"	"REG"	4	"DET"	"SEA"	78	"2024-09-30"	3	1	2	0	"09:20"	6	"(9:20) 70-D.Skipper reported in as eligible. 16-J.Goff pass short middle to 9-J.Williams to DET 32 for 10 yards (27-T.Woolen)."	"pass"	10	1	0	0	0	10	null	null	null	null	null	null	1.3465363010764122	0.5314191579818726	0	0	0	0	1	0	0	0	0	0	0	1	"00-0033106"	"00-0037240"	null	null	null	null	0	2024	1	0.6189056634902954	38.10943365097046
366	"2024_04_SEA_DET"	"DET"	"SEA"	"REG"	4	"DET"	"SEA"	68	"2024-09-30"	3	1	1	0	"08:45"	10	"(8:45) (Shotgun) 16-J.Goff pass short middle to 14-A.St. Brown to DET 36 for 4 yards (48-T.Knight)."	"pass"	4	1	0	0	0	4	null	null	null	null	null	null	-0.18508173199370503	0.5585936903953552	0	0	0	0	1	0	0	0	0	0	0	1	"00-0033106"	"00-0036963"	null	null	null	null	0	2024	0	0.4885867238044739	51.14132761955261
391	"2024_04_SEA_DET"	"DET"	"SEA"	"REG"	4	"DET"	"SEA"	64	"2024-09-30"	3	1	2	0	"08:10"	6	"(8:10) 16-J.Goff pass deep left to 14-A.St. Brown to SEA 47 for 17 yards (21-D.Witherspoon; 42-D.Thomas)."	"pass"	17	1	0	0	0	17	null	null	null	null	null	null	1.3522061409894377	0.559734582901001	0	0	0	0	1	0	0	0	0	0	0	1	"00-0033106"	"00-0036963"	null	null	null	null	0	2024	1	0.6155030727386475	38.449692726135254
416	"2024_04_SEA_DET"	"DET"	"SEA"	"REG"	4	"DET"	"SEA"	47	"2024-09-30"	3	1	1	0	"07:27"	10	"(7:27) 5-D.Montgomery up the middle to SEA 40 for 7 yards (20-J.Love)."	"run"	7	0	0	0	0	null	null	null	null	null	null	null	0.24993277969770133	0.5844466686248779	0	0	0	1	0	0	0	0	0	0	0	0	null	null	"00-0035685"	null	null	null	0	2024	1	0.4926888346672058	-49.26888346672058
438	"2024_04_SEA_DET"	"DET"	"SEA"	"REG"	4	"DET"	"SEA"	40	"2024-09-30"	3	1	2	0	"06:50"	3	"(6:50) 5-D.Montgomery left end to SEA 27 for 13 yards (21-D.Witherspoon)."	"run"	13	0	0	0	0	null	null	null	null	null	null	null	0.9902295945212245	0.6197299957275391	0	0	0	1	0	0	0	0	0	0	0	0	null	null	"00-0035685"	null	null	null	0	2024	1	0.42317870259284973	-42.31787025928497
470	"2024_04_SEA_DET"	"DET"	"SEA"	"REG"	4	"DET"	"SEA"	27	"2024-09-30"	3	1	1	0	"06:07"	10	"(6:07) 70-D.Skipper reported in as eligible. 16-J.Goff pass short right to 89-B.Wright to SEA 24 for 3 yards (20-J.Love)."	"pass"	3	1	0	0	0	1	null	null	null	null	null	null	-0.09879208076745272	0.6493276357650757	0	0	0	0	1	0	0	0	0	0	0	1	"00-0033106"	"00-0036754"	null	null	null	null	0	2024	0	0.4625588357448578	53.74411642551422
497	"2024_04_SEA_DET"	"DET"	"SEA"	"REG"	4	"DET"	"SEA"	24	"2024-09-30"	3	1	2	0	"05:27"	7	"(5:27) 26-J.Gibbs up the middle to SEA 4 for 20 yards (2-R.Jenkins)."	"run"	20	0	0	0	0	null	null	null	null	null	null	null	1.692498030664865	0.642142117023468	0	0	0	1	0	0	0	0	0	0	0	0	null	null	"00-0039139"	null	null	null	0	2024	1	0.706768274307251	-70.6768274307251
519	"2024_04_SEA_DET"	"DET"	"SEA"	"REG"	4	"DET"	"SEA"	4	"2024-09-30"	3	1	1	1	"04:40"	4	"(4:40) 5-D.Montgomery up the middle to SEA 3 for 1 yard (0-T.Dodson, 48-T.Knight)."	"run"	1	0	0	0	0	null	null	null	null	null	null	null	-0.2175338888191618	0.6886423826217651	0	0	0	1	0	0	0	0	0	0	0	0	null	null	"00-0035685"	null	null	null	0	2024	0	0.3860850930213928	-38.60850930213928
541	"2024_04_SEA_DET"	"DET"	"SEA"	"REG"	4	"DET"	"SEA"	3	"2024-09-30"	3	1	2	1	"03:56"	3	"(3:56) 5-D.Montgomery right tackle to SEA 1 for 2 yards (97-J.Hankins; 58-D.Hall)."	"run"	2	0	0	0	0	null	null	null	null	null	null	null	0.04746735154185444	0.6921935677528381	0	0	0	1	0	0	0	0	0	0	0	0	null	null	"00-0035685"	null	null	null	0	2024	1	0.5458617806434631	-54.58617806434631
563	"2024_04_SEA_DET"	"DET"	"SEA"	"REG"	4	"DET"	"SEA"	1	"2024-09-30"	3	1	3	1	"03:16"	1	"(3:16) 70-D.Skipper reported in as eligible. 5-D.Montgomery left tackle for 1 yard, TOUCHDOWN."	"run"	1	0	0	0	0	null	null	null	null	null	"DET"	"00-0035685"	1.0129057237645611	0.6802938580513	0	0	0	1	0	0	1	0	1	0	0	0	null	null	"00-0035685"	null	null	null	0	2024	1	0.34624940156936646	-34.624940156936646
588	"2024_04_SEA_DET"	"DET"	"SEA"	"REG"	4	"DET"	"SEA"	15	"2024-09-30"	3	1	null	0	"03:11"	0	"39-J.Bates extra point is GOOD, Center-49-H.Hatten, Holder-3-J.Fox."	"extra_point"	0	0	0	0	0	null	null	33	"good"	null	null	null	0.05117156607063911	0.7010329034558189	0	0	0	0	0	0	0	0	0	0	0	0	null	null	null	null	null	"00-0039172"	0	2024	1	null	null
603	"2024_04_SEA_DET"	"DET"	"SEA"	"REG"	4	"SEA"	"DET"	35	"2024-09-30"	4	1	null	0	"03:11"	0	"39-J.Bates kicks 65 yards from DET 35 to end zone, Touchback to the SEA 30."	"kickoff"	0	0	0	0	0	null	null	65	null	null	null	null	0.274904846213758	0.29736995697021484	0	0	0	0	0	0	0	0	0	0	0	0	null	null	null	null	null	"00-0039172"	0	2024	1	null	null
627	"2024_04_SEA_DET"	"DET"	"SEA"	"REG"	4	"SEA"	"DET"	70	"2024-09-30"	4	1	1	0	"03:11"	10	"(3:11) (Shotgun) 7-G.Smith pass short right to 11-J.Smith-Njigba to SEA 32 for 2 yards (91-L.Onwuzurike)."	"pass"	2	1	0	0	0	-3	null	null	null	null	null	null	-0.40802174201235175	0.3033522367477417	0	0	0	0	1	0	0	0	0	0	0	1	"00-0030565"	"00-0038543"	null	null	null	null	0	2024	0	0.49227237701416016	50.772762298583984
652	"2024_04_SEA_DET"	"DET"	"SEA"	"REG"	4	"SEA"	"DET"	68	"2024-09-30"	4	1	2	0	"02:32"	8	"(2:32) (No Huddle, Shotgun) 7-G.Smith pass incomplete short left to 16-T.Lockett (0-T.Arnold)."	"pass"	0	1	0	0	0	6	null	null	null	null	null	null	-0.7485070284456015	0.29330796003341675	0	0	0	0	1	0	0	0	0	0	0	0	"00-0030565"	"00-0032211"	null	null	null	null	0	2024	0	0.6876775026321411	31.23224973678589
675	"2024_04_SEA_DET"	"DET"	"SEA"	"REG"	4	"SEA"	"DET"	68	"2024-09-30"	4	1	3	0	"02:28"	8	"(2:28) (No Huddle, Shotgun) 7-G.Smith pass short left to 11-J.Smith-Njigba pushed ob at SEA 41 for 9 yards (21-A.Robertson)."	"pass"	9	1	0	0	0	4	null	null	null	null	null	null	1.8364503022748977	0.2731069028377533	0	0	0	0	1	0	0	0	0	0	0	1	"00-0030565"	"00-0038543"	null	null	null	null	0	2024	1	0.9854624271392822	1.4537572860717773
705	"2024_04_SEA_DET"	"DET"	"SEA"	"REG"	4	"SEA"	"DET"	59	"2024-09-30"	4	1	1	0	"01:56"	10	"(1:56) (Shotgun) 7-G.Smith pass short middle to 19-J.Bobo to DET 48 for 11 yards (31-K.Joseph)."	"pass"	11	1	0	0	0	11	null	null	null	null	null	null	0.756397447315976	0.3258668780326843	0	0	0	0	1	0	0	0	0	0	0	1	"00-0030565"	"00-0038752"	null	null	null	null	0	2024	1	0.4962678551673889	50.37321448326111
730	"2024_04_SEA_DET"	"DET"	"SEA"	"REG"	4	"SEA"	"DET"	48	"2024-09-30"	4	1	1	0	"01:15"	10	"(1:15) (Shotgun) 7-G.Smith pass short left to 14-D.Metcalf to DET 40 for 8 yards (23-C.Davis). Penalty on SEA-67-C.Cross, Ineligible Downfield Pass, offsetting, enforced at DET 48 - No Play. Penalty on DET-23-C.Davis, Defensive Pass Interference, offsetting."	"no_play"	null	0	0	0	0	null	null	null	null	null	null	null	0.00964637822471559	0.3358323276042938	null	null	null	null	null	null	null	null	null	null	null	null	null	null	null	null	null	null	null	2024	1	0.49336346983909607	50.66365301609039
764	"2024_04_SEA_DET"	"DET"	"SEA"	"REG"	4	"SEA"	"DET"	48	"2024-09-30"	4	1	1	0	"01:06"	10	"(1:06) (Shotgun) 7-G.Smith pass short left to 14-D.Metcalf to DET 34 for 14 yards (46-J.Campbell; 34-A.Anzalone). FUMBLES (46-J.Campbell), RECOVERED by DET-23-C.Davis at DET 37. 23-C.Davis pushed ob at SEA 14 for 49 yards (9-K.Walker)."	"pass"	11	1	0	0	0	5	null	null	null	null	null	null	-8.121490028803237	0.3358323276042938	0	0	1	0	1	0	0	0	0	0	0	1	"00-0030565"	"00-0035640"	null	null	null	null	0	2024	0	0.48763900995254517	51.23609900474548
810	"2024_04_SEA_DET"	"DET"	"SEA"	"REG"	4	"DET"	"SEA"	14	"2024-09-30"	5	1	1	0	"00:51"	10	"(:51) (Shotgun) 26-J.Gibbs right end to SEA 13 for 1 yard (97-J.Hankins)."	"run"	1	0	0	0	0	null	null	null	null	null	null	null	-0.5122842614073306	0.832001268863678	0	0	0	1	0	0	0	0	0	0	0	0	null	null	"00-0039139"	null	null	null	0	2024	0	0.39938098192214966	-39.938098192214966
832	"2024_04_SEA_DET"	"DET"	"SEA"	"REG"	4	"DET"	"SEA"	13	"2024-09-30"	5	1	2	0	"00:16"	9	"(:16) (Shotgun) 16-J.Goff pass short right to 89-B.Wright to SEA 3 for 10 yards (56-T.Bowser)."	"pass"	10	1	0	0	0	4	null	null	null	null	null	null	1.465050804312341	0.821459949016571	0	0	0	0	1	0	0	0	0	0	0	1	"00-0033106"	"00-0036754"	null	null	null	null	0	2024	1	0.7775470614433289	22.245293855667114
857	"2024_04_SEA_DET"	"DET"	"SEA"	"REG"	4	"DET"	"SEA"	null	"2024-09-30"	5	1	null	0	"00:00"	0	"END QUARTER 1"	null	null	null	0	0	0	null	null	null	null	null	null	null	0	0.8489026427268982	null	null	null	null	null	null	null	null	null	null	null	null	null	null	null	null	null	null	null	2024	0	null	null
878	"2024_04_SEA_DET"	"DET"	"SEA"	"REG"	4	"DET"	"SEA"	3	"2024-09-30"	5	2	1	1	"15:00"	3	"(15:00) 26-J.Gibbs right tackle for 3 yards, TOUCHDOWN."	"run"	3	0	0	0	0	null	null	null	null	null	"DET"	"00-0039139"	0.7348463251255453	0.8489026427268982	0	0	0	1	0	0	1	0	1	0	0	0	null	null	"00-0039139"	null	null	null	0	2024	1	0.38370969891548157	-38.37096989154816
901	"2024_04_SEA_DET"	"DET"	"SEA"	"REG"	4	"DET"	"SEA"	15	"2024-09-30"	5	2	null	0	"14:58"	0	"39-J.Bates extra point is GOOD, Center-49-H.Hatten, Holder-3-J.Fox."	"extra_point"	0	0	0	0	0	null	null	33	"good"	null	null	null	0.05117156607063911	0.8475063443183899	0	0	0	0	0	0	0	0	0	0	0	0	null	null	null	null	null	"00-0039172"	0	2024	1	null	null
916	"2024_04_SEA_DET"	"DET"	"SEA"	"REG"	4	"SEA"	"DET"	35	"2024-09-30"	6	2	null	0	"14:58"	0	"39-J.Bates kicks 65 yards from DET 35 to end zone, Touchback to the SEA 30."	"kickoff"	0	0	0	0	0	null	null	65	null	null	null	null	0.25952898105606437	0.1524936556816101	0	0	0	0	0	0	0	0	0	0	0	0	null	null	null	null	null	"00-0039172"	0	2024	1	null	null
953	"2024_04_SEA_DET"	"DET"	"SEA"	"REG"	4	"SEA"	"DET"	70	"2024-09-30"	6	2	1	0	"14:58"	10	"(14:58) 9-K.Walker left end to SEA 34 for 4 yards (93-J.Paschal)."	"run"	4	0	0	0	0	null	null	null	null	null	null	null	-0.17837726743891835	0.15620937943458557	0	0	0	1	0	0	0	0	0	0	0	0	null	null	"00-0038134"	null	null	null	0	2024	0	0.48885852098464966	-48.885852098464966
975	"2024_04_SEA_DET"	"DET"	"SEA"	"REG"	4	"SEA"	"DET"	66	"2024-09-30"	6	2	2	0	"14:19"	6	"(14:19) (Shotgun) 7-G.Smith pass incomplete short right to 86-P.Brown."	"pass"	0	1	0	0	0	5	null	null	null	null	null	null	-0.809032800141722	0.15554776787757874	0	0	0	0	1	0	0	0	0	0	0	0	"00-0030565"	"00-0033439"	null	null	null	null	0	2024	0	0.6325709223747253	36.742907762527466
998	"2024_04_SEA_DET"	"DET"	"SEA"	"REG"	4	"SEA"	"DET"	66	"2024-09-30"	6	2	3	0	"14:16"	6	"(14:16) (Shotgun) 7-G.Smith pass short right to 11-J.Smith-Njigba to SEA 44 for 10 yards (21-A.Robertson)."	"pass"	10	1	0	0	0	8	null	null	null	null	null	null	1.820011071395129	0.1458030641078949	0	0	0	0	1	0	0	0	0	0	0	1	"00-0030565"	"00-0038543"	null	null	null	null	0	2024	1	0.9806836247444153	1.9316375255584717
1023	"2024_04_SEA_DET"	"DET"	"SEA"	"REG"	4	"SEA"	"DET"	56	"2024-09-30"	6	2	1	0	"13:38"	10	"(13:38) (Shotgun) 7-G.Smith pass incomplete short middle to 14-D.Metcalf (23-C.Davis)."	"pass"	0	1	0	0	0	14	null	null	null	null	null	null	-0.5192475481890142	0.17928071320056915	0	0	0	0	1	0	0	0	0	0	0	0	"00-0030565"	"00-0035640"	null	null	null	null	0	2024	0	0.4882378578186035	51.17621421813965
1046	"2024_04_SEA_DET"	"DET"	"SEA"	"REG"	4	"SEA"	"DET"	56	"2024-09-30"	6	2	2	0	"13:34"	10	"(13:34) (No Huddle, Shotgun) 7-G.Smith pass short left to 86-P.Brown to SEA 47 for 3 yards (93-J.Paschal; 34-A.Anzalone)."	"pass"	3	1	0	0	0	-1	null	null	null	null	null	null	-0.6020768971648067	0.16956493258476257	0	0	0	0	1	0	0	0	0	0	0	1	"00-0030565"	"00-0033439"	null	null	null	null	0	2024	0	0.6086065769195557	39.139342308044434
1071	"2024_04_SEA_DET"	"DET"	"SEA"	"REG"	4	"SEA"	"DET"	53	"2024-09-30"	6	2	3	0	"12:50"	7	"(12:50) (Shotgun) 7-G.Smith sacked at SEA 47 for 0 yards (34-A.Anzalone). PENALTY on DET-23-C.Davis, Defensive Holding, 5 yards, enforced at SEA 47 - No Play."	"no_play"	0	0	0	0	0	null	null	null	null	null	null	null	1.6109238071367145	0.1529352217912674	0	0	0	0	0	0	0	0	0	0	0	0	null	null	null	null	null	null	0	2024	1	0.9837002158164978	1.6299784183502197
1104	"2024_04_SEA_DET"	"DET"	"SEA"	"REG"	4	"SEA"	"DET"	48	"2024-09-30"	6	2	1	0	"12:25"	10	"(12:25) 7-G.Smith pass short left to 16-T.Lockett pushed ob at DET 42 for 6 yards (0-T.Arnold)."	"pass"	6	1	0	0	0	5	null	null	null	null	null	null	0.24030927452258766	0.17928071320056915	0	0	0	0	1	0	0	0	0	0	0	1	"00-0030565"	"00-0032211"	null	null	null	null	0	2024	1	0.5044375658035278	49.55624341964722
1138	"2024_04_SEA_DET"	"DET"	"SEA"	"REG"	4	"SEA"	"DET"	42	"2024-09-30"	6	2	2	0	"12:04"	4	"(12:04) (No Huddle, Shotgun) 7-G.Smith pass short left to 9-K.Walker to DET 32 for 10 yards (31-K.Joseph). Penalty on DET-41-J.Houston, Defensive Offside, declined."	"pass"	10	1	0	0	0	2	null	null	null	null	null	null	0.8938539562514052	0.17171765863895416	0	0	0	0	1	0	0	0	0	0	0	1	"00-0030565"	"00-0038134"	null	null	null	null	0	2024	1	0.4450620710849762	55.49379289150238
1174	"2024_04_SEA_DET"	"DET"	"SEA"	"REG"	4	"SEA"	"DET"	32	"2024-09-30"	6	2	1	0	"11:33"	10	"(11:33) 9-K.Walker right end to DET 30 for 2 yards (23-C.Davis; 31-K.Joseph)."	"run"	2	0	0	0	0	null	null	null	null	null	null	null	-0.38339293748140335	0.1925716996192932	0	0	0	1	0	0	0	0	0	0	0	0	null	null	"00-0038134"	null	null	null	0	2024	0	0.4747922122478485	-47.47922122478485
1196	"2024_04_SEA_DET"	"DET"	"SEA"	"REG"	4	"SEA"	"DET"	30	"2024-09-30"	6	2	2	0	"10:51"	8	"(10:51) (Shotgun) 7-G.Smith pass deep right to 14-D.Metcalf for 30 yards, TOUCHDOWN. The Replay Official reviewed the runner broke the plane ruling, and the play was REVERSED. (Shotgun) 7-G.Smith pass deep right to 14-D.Metcalf to DET 1 for 29 yards (12-B.Joseph)."	"pass"	29	1	0	0	0	20	null	null	null	null	null	null	2.9326635914621875	0.1668628305196762	0	0	0	0	1	0	0	0	0	0	0	1	"00-0030565"	"00-0035640"	null	null	null	null	0	2024	1	0.7498685121536255	25.01314878463745
1227	"2024_04_SEA_DET"	"DET"	"SEA"	"REG"	4	"SEA"	"DET"	1	"2024-09-30"	6	2	1	1	"10:42"	1	"(10:42) (Shotgun) 9-K.Walker up the middle to DET 1 for no gain (54-A.McNeill; 91-L.Onwuzurike). PENALTY on DET, Defensive Too Many Men on Field, 0 yards, enforced at DET 1 - No Play."	"no_play"	0	0	0	0	0	null	null	null	null	null	null	null	-0.011950018058996648	0.21971695125102997	0	0	0	0	0	0	0	0	0	0	0	0	null	null	null	null	null	null	0	2024	0	0.2739032208919525	-27.39032208919525
1273	"2024_04_SEA_DET"	"DET"	"SEA"	"REG"	4	"SEA"	"DET"	1	"2024-09-30"	6	2	1	1	"10:12"	1	"(10:12) (Shotgun) 9-K.Walker up the middle for 1 yard, TOUCHDOWN."	"run"	1	0	0	0	0	null	null	null	null	null	"SEA"	"00-0038134"	0.575719452870544	0.21971695125102997	0	0	0	1	0	0	1	0	1	0	0	0	null	null	"00-0038134"	null	null	null	0	2024	1	0.28927081823349	-28.927081823349
1296	"2024_04_SEA_DET"	"DET"	"SEA"	"REG"	4	"SEA"	"DET"	15	"2024-09-30"	6	2	null	0	"10:08"	0	"5-J.Myers extra point is GOOD, Center-41-C.Stoll, Holder-4-M.Dickson."	"extra_point"	0	0	0	0	0	null	null	33	"good"	null	null	null	0.05117156607063911	0.266042796741529	0	0	0	0	0	0	0	0	0	0	0	0	null	null	null	null	null	"00-0031492"	0	2024	1	null	null
1311	"2024_04_SEA_DET"	"DET"	"SEA"	"REG"	4	"DET"	"SEA"	35	"2024-09-30"	7	2	null	0	"10:08"	0	"5-J.Myers kicks 65 yards from SEA 35 to end zone, Touchback to the DET 30."	"kickoff"	0	0	0	0	0	null	null	65	null	null	null	null	0.21371211064979434	0.7318575978279114	0	0	0	0	0	0	0	0	0	0	0	0	null	null	null	null	null	"00-0031492"	0	2024	1	null	null
1335	"2024_04_SEA_DET"	"DET"	"SEA"	"REG"	4	"DET"	"SEA"	70	"2024-09-30"	7	2	1	0	"10:08"	10	"(10:08) 16-J.Goff pass short middle to 14-A.St. Brown to DET 38 for 8 yards (0-T.Dodson)."	"pass"	8	1	0	0	0	6	null	null	null	null	null	null	0.4787577469833195	0.7367643713951111	0	0	0	0	1	0	0	0	0	0	0	1	"00-0033106"	"00-0036963"	null	null	null	null	0	2024	1	0.49008679389953613	50.99132061004639
1372	"2024_04_SEA_DET"	"DET"	"SEA"	"REG"	4	"DET"	"SEA"	62	"2024-09-30"	7	2	2	0	"09:47"	2	"(9:47) (No Huddle, Shotgun) 16-J.Goff pass short right to 87-S.LaPorta to DET 47 for 9 yards (48-T.Knight) [21-D.Witherspoon]. PENALTY on SEA-50-T.Gipson, Face Mask, 15 yards, enforced at DET 47."	"pass"	9	1	0	0	0	-2	null	null	null	null	null	null	1.4203680253122002	0.7683619260787964	0	0	0	0	1	0	0	0	0	0	0	1	"00-0033106"	"00-0039065"	null	null	null	null	0	2024	1	0.3169870376586914	68.30129623413086
1408	"2024_04_SEA_DET"	"DET"	"SEA"	"REG"	4	"DET"	"SEA"	38	"2024-09-30"	7	2	1	0	"09:17"	10	"(9:17) 26-J.Gibbs up the middle to SEA 35 for 3 yards (90-Ja.Reed; 48-T.Knight)."	"run"	3	0	0	0	0	null	null	null	null	null	null	null	-0.2902000602334738	0.8000994324684143	0	0	0	1	0	0	0	0	0	0	0	0	null	null	"00-0039139"	null	null	null	0	2024	0	0.47494247555732727	-47.49424755573273
1462	"2024_04_SEA_DET"	"DET"	"SEA"	"REG"	4	"DET"	"SEA"	35	"2024-09-30"	7	2	2	0	"08:40"	7	"(8:40) 26-J.Gibbs left end to SEA 26 for 9 yards (20-J.Love)."	"run"	9	0	0	0	0	null	null	null	null	null	null	null	0.9849686016095802	0.7915526032447815	0	0	0	1	0	0	0	0	0	0	0	0	null	null	"00-0039139"	null	null	null	0	2024	1	0.7140485048294067	-71.40485048294067
1484	"2024_04_SEA_DET"	"DET"	"SEA"	"REG"	4	"DET"	"SEA"	26	"2024-09-30"	7	2	1	0	"08:03"	10	"(8:03) 16-J.Goff pass short right to 14-A.St. Brown to SEA 23 for 3 yards (21-D.Witherspoon)."	"pass"	3	1	0	0	0	-5	null	null	null	null	null	null	-0.15817590954247862	0.818246603012085	0	0	0	0	1	0	0	0	0	0	0	1	"00-0033106"	"00-0036963"	null	null	null	null	0	2024	0	0.45715680718421936	54.284319281578064
1509	"2024_04_SEA_DET"	"DET"	"SEA"	"REG"	4	"DET"	"SEA"	23	"2024-09-30"	7	2	2	0	"07:23"	7	"(7:23) (Shotgun) 26-J.Gibbs up the middle to SEA 19 for 4 yards (48-T.Knight)."	"run"	4	0	0	0	0	null	null	null	null	null	null	null	-0.16748561791609973	0.8170457482337952	0	0	0	1	0	0	0	0	0	0	0	0	null	null	"00-0039139"	null	null	null	0	2024	0	0.7151942849159241	-71.51942849159241
1531	"2024_04_SEA_DET"	"DET"	"SEA"	"REG"	4	"DET"	"SEA"	19	"2024-09-30"	7	2	3	0	"06:47"	3	"(6:47) (Shotgun) 16-J.Goff pass short right to 87-S.LaPorta pushed ob at SEA 6 for 13 yards (48-T.Knight)."	"pass"	13	1	0	0	0	1	null	null	null	null	null	null	1.6265572028933093	0.8350309133529663	0	0	0	0	1	0	0	0	0	0	0	1	"00-0033106"	"00-0039065"	null	null	null	null	0	2024	1	0.8915934562683105	10.840654373168945
1561	"2024_04_SEA_DET"	"DET"	"SEA"	"REG"	4	"DET"	"SEA"	6	"2024-09-30"	7	2	1	1	"06:08"	6	"(6:08) 16-J.Goff pass short middle to 14-A.St. Brown to SEA 1 for 5 yards (0-T.Dodson; 95-M.Adams)."	"pass"	5	1	0	0	0	0	null	null	null	null	null	null	0.6060717387590557	0.8498419523239136	0	0	0	0	1	0	0	0	0	0	0	1	"00-0033106"	"00-0036963"	null	null	null	null	0	2024	1	0.40016767382621765	59.983232617378235
1586	"2024_04_SEA_DET"	"DET"	"SEA"	"REG"	4	"DET"	"SEA"	1	"2024-09-30"	7	2	2	1	"05:33"	1	"(5:33) PENALTY on SEA, Defensive Too Many Men on Field, 0 yards, enforced at SEA 1 - No Play."	"no_play"	0	0	0	0	0	null	null	null	null	null	null	null	-0.0025503106880933046	0.8599013090133667	0	0	0	0	0	0	0	0	0	0	0	0	null	null	null	null	null	null	0	2024	0	0.2954326570034027	null
1610	"2024_04_SEA_DET"	"DET"	"SEA"	"REG"	4	"DET"	"SEA"	1	"2024-09-30"	7	2	2	1	"05:16"	1	"(5:16) 26-J.Gibbs right tackle for 1 yard, TOUCHDOWN."	"run"	1	0	0	0	0	null	null	null	null	null	"DET"	"00-0039139"	0.7810887615196407	0.8599013090133667	0	0	0	1	0	0	1	0	1	0	0	0	null	null	"00-0039139"	null	null	null	0	2024	1	0.28471601009368896	-28.471601009368896
1633	"2024_04_SEA_DET"	"DET"	"SEA"	"REG"	4	"DET"	"SEA"	15	"2024-09-30"	7	2	null	0	"05:11"	0	"39-J.Bates extra point is GOOD, Center-49-H.Hatten, Holder-3-J.Fox."	"extra_point"	0	0	0	0	0	null	null	33	"good"	null	null	null	0.05117156607063911	0.8608255535364151	0	0	0	0	0	0	0	0	0	0	0	0	null	null	null	null	null	"00-0039172"	0	2024	1	null	null
1648	"2024_04_SEA_DET"	"DET"	"SEA"	"REG"	4	"SEA"	"DET"	35	"2024-09-30"	8	2	null	0	"05:11"	0	"39-J.Bates kicks 65 yards from DET 35 to end zone, Touchback to the SEA 30."	"kickoff"	0	0	0	0	0	null	null	65	null	null	null	null	0.4225762761197984	0.1391744464635849	0	0	0	0	0	0	0	0	0	0	0	0	null	null	null	null	null	"00-0039172"	0	2024	1	null	null
1672	"2024_04_SEA_DET"	"DET"	"SEA"	"REG"	4	"SEA"	"DET"	70	"2024-09-30"	8	2	1	0	"05:11"	10	"(5:11) 7-G.Smith pass short left to 26-Z.Charbonnet to SEA 34 for 4 yards (34-A.Anzalone)."	"pass"	4	1	0	0	0	2	null	null	null	null	null	null	-0.2309373903553933	0.1426202356815338	0	0	0	0	1	0	0	0	0	0	0	1	"00-0030565"	"00-0039165"	null	null	null	null	0	2024	0	0.5826011300086975	41.73988699913025
1697	"2024_04_SEA_DET"	"DET"	"SEA"	"REG"	4	"SEA"	"DET"	66	"2024-09-30"	8	2	2	0	"04:23"	6	"(4:23) (Shotgun) 7-G.Smith pass short right to 16-T.Lockett to SEA 42 for 8 yards (46-J.Campbell)."	"pass"	8	1	0	0	0	6	null	null	null	null	null	null	0.7682301619788632	0.1338592767715454	0	0	0	0	1	0	0	0	0	0	0	1	"00-0030565"	"00-0032211"	null	null	null	null	0	2024	1	0.6690135598182678	33.09864401817322
1722	"2024_04_SEA_DET"	"DET"	"SEA"	"REG"	4	"SEA"	"DET"	58	"2024-09-30"	8	2	1	0	"04:01"	10	"(4:01) (No Huddle, Shotgun) 7-G.Smith sacked at SEA 36 for -6 yards (44-M.Rodriguez)."	"pass"	-6	1	0	0	0	null	null	null	null	null	null	null	-1.1715331472223625	0.15167397260665894	0	0	0	0	1	1	0	0	0	0	0	0	"00-0030565"	null	null	null	null	null	0	2024	0	0.6078736186027527	39.21263813972473
1754	"2024_04_SEA_DET"	"DET"	"SEA"	"REG"	4	null	null	null	"2024-09-30"	8	2	null	0	"03:16"	0	"Timeout #1 by SEA at 03:16."	"no_play"	0	0	0	0	0	null	null	null	null	null	null	null	0	0.11807557195425034	0	0	0	0	0	0	0	0	0	0	0	0	null	null	null	null	null	null	0	2024	0	null	null
1742	"2024_04_SEA_DET"	"DET"	"SEA"	"REG"	4	"SEA"	"DET"	64	"2024-09-30"	8	2	2	0	"03:16"	16	"(3:16) (Shotgun) 7-G.Smith pass incomplete short right. Ball thrown away"	"pass"	0	1	0	0	0	-2	null	null	null	null	null	null	-0.707772055407986	0.11807557195425034	0	0	0	0	1	0	0	0	0	0	0	0	"00-0030565"	null	null	null	null	null	0	2024	0	0.871329665184021	12.8670334815979
1776	"2024_04_SEA_DET"	"DET"	"SEA"	"REG"	4	"SEA"	"DET"	64	"2024-09-30"	8	2	3	0	"03:12"	16	"(3:12) (Shotgun) 7-G.Smith pass short right to 11-J.Smith-Njigba to SEA 39 for 3 yards. Lateral to 26-Z.Charbonnet pushed ob at DET 45 for 16 yards (12-B.Joseph)."	"pass"	19	1	0	0	0	2	null	null	null	null	null	null	2.598702130781021	0.10362188518047333	0	0	0	0	1	0	0	0	0	0	0	1	"00-0030565"	"00-0038543"	null	null	null	null	0	2024	1	0.9703311920166016	2.9668807983398438
1816	"2024_04_SEA_DET"	"DET"	"SEA"	"REG"	4	"SEA"	"DET"	45	"2024-09-30"	8	2	1	0	"02:34"	10	"(2:34) (Shotgun) 7-G.Smith pass short right to 26-Z.Charbonnet to DET 43 for 2 yards (0-T.Arnold)."	"pass"	2	1	0	0	0	-5	null	null	null	null	null	null	-0.42059481353498995	0.1515507847070694	0	0	0	0	1	0	0	0	0	0	0	1	"00-0030565"	"00-0039165"	null	null	null	null	0	2024	0	0.6954605579376221	30.453944206237793
1841	"2024_04_SEA_DET"	"DET"	"SEA"	"REG"	4	"SEA"	"DET"	43	"2024-09-30"	8	2	2	0	"02:00"	8	"(2:00) (Shotgun) 7-G.Smith pass incomplete deep left to 87-N.Fant (46-J.Campbell). PENALTY on SEA-86-P.Brown, Offensive Holding, 10 yards, enforced at DET 43 - No Play."	"no_play"	0	0	0	0	0	null	null	null	null	null	null	null	-0.7597096255631186	0.13763096928596497	0	0	0	0	0	0	0	0	0	0	0	0	null	null	null	null	null	null	0	2024	0	0.8874499201774597	11.255007982254028
1887	"2024_04_SEA_DET"	"DET"	"SEA"	"REG"	4	"SEA"	"DET"	53	"2024-09-30"	8	2	2	0	"01:55"	18	"(1:55) (Shotgun) 7-G.Smith pass short middle to 26-Z.Charbonnet to DET 45 for 8 yards (42-J.Reeves-Maybin)."	"pass"	8	1	0	0	0	0	null	null	null	null	null	null	0.35662353358929977	0.12460751831531525	0	0	0	0	1	0	0	0	0	0	0	1	"00-0030565"	"00-0039165"	null	null	null	null	0	2024	1	0.9428110122680664	5.718898773193359
1912	"2024_04_SEA_DET"	"DET"	"SEA"	"REG"	4	"SEA"	"DET"	45	"2024-09-30"	8	2	3	0	"01:14"	10	"(1:14) (No Huddle, Shotgun) 7-G.Smith pass incomplete deep left to 14-D.Metcalf."	"pass"	0	1	0	0	0	19	null	null	null	null	null	null	-1.4113718435983174	0.11716485768556595	0	0	0	0	1	0	0	0	0	0	0	0	"00-0030565"	"00-0035640"	null	null	null	null	0	2024	0	0.9806694388389587	1.933056116104126
1935	"2024_04_SEA_DET"	"DET"	"SEA"	"REG"	4	"SEA"	"DET"	45	"2024-09-30"	8	2	4	0	"01:09"	10	"(1:09) 4-M.Dickson punts 36 yards to DET 9, Center-41-C.Stoll. 11-K.Raymond pushed ob at DET 15 for 6 yards (25-K.McIntosh)."	"punt"	0	0	0	0	0	null	null	36	null	null	null	null	-1.1096577311400324	0.10448187589645386	0	0	0	0	0	0	0	0	0	0	0	0	null	null	null	"00-0032464"	null	null	6	2024	0	null	null
1966	"2024_04_SEA_DET"	"DET"	"SEA"	"REG"	4	"DET"	"SEA"	85	"2024-09-30"	9	2	1	0	"01:01"	10	"(1:01) (Shotgun) 16-J.Goff pass short left to 26-J.Gibbs pushed ob at DET 16 for 1 yard (27-T.Woolen). PENALTY on DET-58-P.Sewell, Offensive Holding, 7 yards, enforced at DET 15 - No Play. Penalty on DET-68-T.Decker, Offensive Holding, declined."	"no_play"	0	0	0	0	0	null	null	null	null	null	null	null	-0.34291155252140015	0.900190532207489	0	0	0	0	0	0	0	0	0	0	0	0	null	null	null	null	null	null	0	2024	0	0.5972398519515991	40.27601480484009
2014	"2024_04_SEA_DET"	"DET"	"SEA"	"REG"	4	"DET"	"SEA"	92	"2024-09-30"	9	2	1	0	"00:55"	17	"(:55) (Shotgun) 16-J.Goff pass short right to 11-K.Raymond to DET 17 for 9 yards (95-M.Adams; 0-T.Dodson)."	"pass"	9	1	0	0	0	-3	null	null	null	null	null	null	0.14922970783663914	0.8883545994758606	0	0	0	0	1	0	0	0	0	0	0	1	"00-0033106"	"00-0032464"	null	null	null	null	0	2024	1	0.3257506787776947	67.42493212223053
2039	"2024_04_SEA_DET"	"DET"	"SEA"	"REG"	4	"DET"	"SEA"	83	"2024-09-30"	9	2	2	0	"00:34"	8	"(:34) (No Huddle, Shotgun) 16-J.Goff sacked at DET 9 for -8 yards (58-D.Hall)."	"pass"	-8	1	0	0	0	null	null	null	null	null	null	null	-0.4237884704489261	0.8992403745651245	0	0	0	0	1	1	0	0	0	0	0	0	"00-0033106"	null	null	null	null	null	0	2024	0	0.5628235936164856	43.71764063835144
2071	"2024_04_SEA_DET"	"DET"	"SEA"	"REG"	4	null	null	null	"2024-09-30"	9	2	null	0	"00:27"	0	"Timeout #2 by SEA at 00:27."	"no_play"	0	0	0	0	0	null	null	null	null	null	null	null	0	0.873330295085907	0	0	0	0	0	0	0	0	0	0	0	0	null	null	null	null	null	null	0	2024	0	null	null
2059	"2024_04_SEA_DET"	"DET"	"SEA"	"REG"	4	"DET"	"SEA"	91	"2024-09-30"	9	2	3	0	"00:27"	16	"(:27) (Shotgun) 26-J.Gibbs up the middle to DET 14 for 5 yards (55-D.Jones; 0-T.Dodson)."	"run"	5	0	0	0	0	null	null	null	null	null	null	null	-0.09611458686413243	0.873330295085907	0	0	0	1	0	0	0	0	0	0	0	0	null	null	"00-0039139"	null	null	null	0	2024	0	0.18628548085689545	-18.628548085689545
2100	"2024_04_SEA_DET"	"DET"	"SEA"	"REG"	4	null	null	null	"2024-09-30"	9	2	null	0	"00:23"	0	"Timeout #3 by SEA at 00:23."	"no_play"	0	0	0	0	0	null	null	null	null	null	null	null	0	0.8651877045631409	0	0	0	0	0	0	0	0	0	0	0	0	null	null	null	null	null	null	0	2024	0	null	null
2088	"2024_04_SEA_DET"	"DET"	"SEA"	"REG"	4	"DET"	"SEA"	86	"2024-09-30"	9	2	4	0	"00:23"	11	"(:23) 3-J.Fox punts 48 yards to SEA 38, Center-49-H.Hatten. 33-D.Williams to SEA 39 for 1 yard (51-B.Niemann)."	"punt"	0	0	0	0	0	null	null	48	null	null	null	null	-0.20907441177405417	0.8651877045631409	0	0	0	0	0	0	0	0	0	0	0	0	null	null	null	"00-0039306"	null	null	1	2024	0	null	null
2121	"2024_04_SEA_DET"	"DET"	"SEA"	"REG"	4	"SEA"	"DET"	61	"2024-09-30"	10	2	1	0	"00:14"	10	"(:14) (Shotgun) 7-G.Smith pass incomplete short middle to 11-J.Smith-Njigba (21-A.Robertson). DET-97-A.Hutchinson was injured during the play."	"pass"	0	1	0	0	0	6	null	null	null	null	null	null	-0.006875194259919226	0.11832985281944275	0	0	0	0	1	0	0	0	0	0	0	0	"00-0030565"	"00-0038543"	null	null	null	null	0	2024	0	0.9694954752922058	3.050452470779419
2156	"2024_04_SEA_DET"	"DET"	"SEA"	"REG"	4	null	null	null	"2024-09-30"	10	2	null	0	"00:11"	0	"Timeout #1 by DET at 00:11."	"no_play"	0	0	0	0	0	null	null	null	null	null	null	null	0	0.10834036022424698	0	0	0	0	0	0	0	0	0	0	0	0	null	null	null	null	null	null	0	2024	0	null	null
2144	"2024_04_SEA_DET"	"DET"	"SEA"	"REG"	4	"SEA"	"DET"	61	"2024-09-30"	10	2	2	0	"00:11"	10	"(:11) (Shotgun) 7-G.Smith right end pushed ob at DET 49 for 12 yards (42-J.Reeves-Maybin)."	"run"	12	0	0	0	0	null	null	null	null	null	null	null	0.12197385489707813	0.10834036022424698	0	0	0	1	0	0	0	0	0	0	0	0	null	null	"00-0030565"	null	null	null	0	2024	1	0.964597225189209	-96.4597225189209
2181	"2024_04_SEA_DET"	"DET"	"SEA"	"REG"	4	"SEA"	"DET"	49	"2024-09-30"	10	2	1	0	"00:05"	10	"(:05) (Shotgun) 7-G.Smith pass short right to 14-D.Metcalf ran ob at DET 44 for 5 yards. ** Injury Update: DET-97-A.Hutchinson has returned to the game."	"pass"	5	1	0	0	0	5	null	null	null	null	null	null	0.7603322823652061	0.12935295701026917	0	0	0	0	1	0	0	0	0	0	0	1	"00-0030565"	"00-0035640"	null	null	null	null	0	2024	1	0.972052276134491	2.7947723865509033
2211	"2024_04_SEA_DET"	"DET"	"SEA"	"REG"	4	"SEA"	"DET"	44	"2024-09-30"	10	2	2	0	"00:02"	5	"(:02) 5-J.Myers 62 yard field goal is No Good, Center-41-C.Stoll, Holder-4-M.Dickson. 30-K.Dorsey at DET -9 to DET 22 for 31 yards (66-M.Curtis). Penalty on SEA-66-M.Curtis, Face Mask, declined."	"field_goal"	0	0	0	0	0	null	"missed"	62	null	null	null	null	-1.1948466043923045	0.12367359548807144	0	0	0	0	0	0	0	0	0	0	0	0	null	null	null	null	null	"00-0031492"	0	2024	0	null	null
2253	"2024_04_SEA_DET"	"DET"	"SEA"	"REG"	4	null	null	null	"2024-09-30"	null	2	null	0	"00:00"	0	"END QUARTER 2"	null	null	null	0	0	0	null	null	null	null	null	null	null	null	0.10677006840705872	null	null	null	null	null	null	null	null	null	null	null	null	null	null	null	null	null	null	null	2024	null	null	null
2283	"2024_04_SEA_DET"	"DET"	"SEA"	"REG"	4	"SEA"	"DET"	35	"2024-09-30"	11	3	null	0	"15:00"	0	"39-J.Bates kicks 68 yards from DET 35 to SEA -3. 33-D.Williams to SEA 25 for 28 yards (44-M.Rodriguez)."	"kickoff"	0	0	0	0	0	null	null	68	null	null	null	null	0.0059262840077281	0.10677006840705872	0	0	0	0	0	0	0	0	0	0	0	0	null	null	null	null	"00-0039306"	"00-0039172"	28	2024	1	null	null
2306	"2024_04_SEA_DET"	"DET"	"SEA"	"REG"	4	"SEA"	"DET"	75	"2024-09-30"	11	3	1	0	"14:56"	10	"(14:56) (Shotgun) 9-K.Walker right end to SEA 31 for 6 yards (46-J.Campbell)."	"run"	6	0	0	0	0	null	null	null	null	null	null	null	0.2297763293609023	0.10677006840705872	0	0	0	1	0	0	0	0	0	0	0	0	null	null	"00-0038134"	null	null	null	0	2024	1	0.471824586391449	-47.1824586391449
2328	"2024_04_SEA_DET"	"DET"	"SEA"	"REG"	4	"SEA"	"DET"	69	"2024-09-30"	11	3	2	0	"14:13"	4	"(14:13) 9-K.Walker left tackle to SEA 30 for -1 yards (31-K.Joseph)."	"run"	-1	0	0	0	0	null	null	null	null	null	null	null	-1.0035823211073875	0.0963260754942894	0	0	0	1	0	0	0	0	0	0	0	0	null	null	"00-0038134"	null	null	null	0	2024	0	0.4370100796222687	-43.70100796222687
2350	"2024_04_SEA_DET"	"DET"	"SEA"	"REG"	4	"SEA"	"DET"	70	"2024-09-30"	11	3	3	0	"13:30"	5	"(13:30) (Shotgun) 7-G.Smith pass short right to 11-J.Smith-Njigba to SEA 34 for 4 yards (21-A.Robertson)."	"pass"	4	1	0	0	0	4	null	null	null	null	null	null	-0.7950712097808719	0.09409970790147781	0	0	0	0	1	0	0	0	0	0	0	1	"00-0030565"	"00-0038543"	null	null	null	null	0	2024	0	0.9739156365394592	2.608436346054077
2375	"2024_04_SEA_DET"	"DET"	"SEA"	"REG"	4	"SEA"	"DET"	66	"2024-09-30"	11	3	4	0	"12:48"	1	"(12:48) 7-G.Smith up the middle to SEA 36 for 2 yards (44-M.Rodriguez; 31-K.Joseph)."	"run"	2	0	0	0	0	null	null	null	null	null	null	null	2.3773652613162994	0.08597853034734726	0	0	0	1	0	0	0	0	0	0	0	0	null	null	"00-0030565"	null	null	null	0	2024	1	0.1279955804347992	-12.79955804347992
2397	"2024_04_SEA_DET"	"DET"	"SEA"	"REG"	4	"SEA"	"DET"	64	"2024-09-30"	11	3	1	0	"12:09"	10	"(12:09) (Shotgun) 9-K.Walker left tackle to SEA 38 for 2 yards (54-A.McNeill)."	"run"	2	0	0	0	0	null	null	null	null	null	null	null	-0.5678596124053001	0.10521845519542694	0	0	0	1	0	0	0	0	0	0	0	0	null	null	"00-0038134"	null	null	null	0	2024	0	0.48912540078163147	-48.91254007816315
2419	"2024_04_SEA_DET"	"DET"	"SEA"	"REG"	4	"SEA"	"DET"	62	"2024-09-30"	11	3	2	0	"11:43"	8	"(11:43) (No Huddle, Shotgun) 7-G.Smith pass incomplete short middle to 14-D.Metcalf (23-C.Davis)."	"pass"	0	1	0	0	0	7	null	null	null	null	null	null	-0.8497892068699002	0.09529484063386917	0	0	0	0	1	0	0	0	0	0	0	0	"00-0030565"	"00-0035640"	null	null	null	null	0	2024	0	0.7602142691612244	23.978573083877563
2442	"2024_04_SEA_DET"	"DET"	"SEA"	"REG"	4	"SEA"	"DET"	62	"2024-09-30"	11	3	3	0	"11:39"	8	"(11:39) (Shotgun) 7-G.Smith pass short right to 14-D.Metcalf pushed ob at SEA 48 for 10 yards (34-A.Anzalone)."	"pass"	10	1	0	0	0	2	null	null	null	null	null	null	2.1645067872013897	0.08579180389642715	0	0	0	0	1	0	0	0	0	0	0	1	"00-0030565"	"00-0035640"	null	null	null	null	0	2024	1	0.986328661441803	1.3671338558197021
2472	"2024_04_SEA_DET"	"DET"	"SEA"	"REG"	4	"SEA"	"DET"	52	"2024-09-30"	11	3	1	0	"11:01"	10	"(11:01) (Shotgun) 7-G.Smith pass short left to 9-K.Walker pushed ob at DET 46 for 6 yards (46-J.Campbell)."	"pass"	6	1	0	0	0	-6	null	null	null	null	null	null	0.23571552778594196	0.11783786863088608	0	0	0	0	1	0	0	0	0	0	0	1	"00-0030565"	"00-0038134"	null	null	null	null	0	2024	1	0.500231146812439	49.9768853187561
2502	"2024_04_SEA_DET"	"DET"	"SEA"	"REG"	4	"SEA"	"DET"	46	"2024-09-30"	11	3	2	0	"10:34"	4	"(10:34) (No Huddle, Shotgun) 7-G.Smith pass short middle to 87-N.Fant to DET 30 for 16 yards (12-B.Joseph)."	"pass"	16	1	0	0	0	12	null	null	null	null	null	null	1.2305363152408972	0.1127452552318573	0	0	0	0	1	0	0	0	0	0	0	1	"00-0030565"	"00-0035644"	null	null	null	null	0	2024	1	0.4273066520690918	57.26933479309082
2532	"2024_04_SEA_DET"	"DET"	"SEA"	"REG"	4	"SEA"	"DET"	30	"2024-09-30"	11	3	1	0	"09:57"	10	"(9:57) (No Huddle, Shotgun) 7-G.Smith pass incomplete deep right to 14-D.Metcalf. PENALTY on DET-23-C.Davis, Defensive Pass Interference, 21 yards, enforced at DET 30 - No Play."	"no_play"	0	0	0	0	0	null	null	null	null	null	null	null	1.233702239813283	0.12989230453968048	0	0	0	0	0	0	0	0	0	0	0	0	null	null	null	null	null	null	0	2024	1	0.5029735565185547	49.70264434814453
2566	"2024_04_SEA_DET"	"DET"	"SEA"	"REG"	4	"SEA"	"DET"	9	"2024-09-30"	11	3	1	1	"09:53"	9	"(9:53) 7-G.Smith pass short right to 88-A.Barner for 9 yards, TOUCHDOWN."	"pass"	9	1	0	0	0	2	null	null	null	null	"SEA"	"00-0039793"	1.7305222471477464	0.1640585958957672	0	0	0	0	1	0	1	1	0	0	0	1	"00-0030565"	"00-0039793"	null	null	null	null	0	2024	1	0.47063565254211426	52.936434745788574
2592	"2024_04_SEA_DET"	"DET"	"SEA"	"REG"	4	"SEA"	"DET"	15	"2024-09-30"	11	3	null	0	"09:46"	0	"5-J.Myers extra point is GOOD, Center-41-C.Stoll, Holder-4-M.Dickson."	"extra_point"	0	0	0	0	0	null	null	33	"good"	null	null	null	0.05117156607063911	0.19880616574145593	0	0	0	0	0	0	0	0	0	0	0	0	null	null	null	null	null	"00-0031492"	0	2024	1	null	null
2607	"2024_04_SEA_DET"	"DET"	"SEA"	"REG"	4	"DET"	"SEA"	35	"2024-09-30"	12	3	null	0	"09:46"	0	"5-J.Myers kicks 65 yards from SEA 35 to end zone, Touchback to the DET 30."	"kickoff"	0	0	0	0	0	null	null	65	null	null	null	null	0.28763202112168074	0.7986714839935303	0	0	0	0	0	0	0	0	0	0	0	0	null	null	null	null	null	"00-0031492"	0	2024	1	null	null
2631	"2024_04_SEA_DET"	"DET"	"SEA"	"REG"	4	"DET"	"SEA"	70	"2024-09-30"	12	3	1	0	"09:46"	10	"(9:46) 16-J.Goff pass short right to 5-D.Montgomery pushed ob at SEA 30 for 40 yards (2-R.Jenkins)."	"pass"	40	1	0	0	0	1	null	null	null	null	null	null	2.3472619495587423	0.8038475513458252	0	0	0	0	1	0	0	0	0	0	0	1	"00-0033106"	"00-0035685"	null	null	null	null	0	2024	1	0.4736696481704712	52.63303518295288
2661	"2024_04_SEA_DET"	"DET"	"SEA"	"REG"	4	"DET"	"SEA"	30	"2024-09-30"	12	3	1	0	"08:57"	10	"(8:57) 5-D.Montgomery up the middle to SEA 30 for no gain (58-D.Hall; 2-R.Jenkins)."	"run"	0	0	0	0	0	null	null	null	null	null	null	null	-0.4505663689924404	0.8502111434936523	0	0	0	1	0	0	0	0	0	0	0	0	null	null	"00-0035685"	null	null	null	0	2024	0	0.4475998878479004	-44.75998878479004
2683	"2024_04_SEA_DET"	"DET"	"SEA"	"REG"	4	"DET"	"SEA"	30	"2024-09-30"	12	3	2	0	"08:24"	10	"(8:24) (Shotgun) 16-J.Goff pass short middle to 17-T.Patrick ran ob at SEA 7 for 23 yards (27-T.Woolen)."	"pass"	23	1	0	0	0	4	null	null	null	null	null	null	1.896247793105431	0.8513314723968506	0	0	0	0	1	0	0	0	0	0	0	1	"00-0033106"	"00-0033375"	null	null	null	null	0	2024	1	0.6145381331443787	38.546186685562134
2713	"2024_04_SEA_DET"	"DET"	"SEA"	"REG"	4	"DET"	"SEA"	7	"2024-09-30"	12	3	1	1	"07:39"	7	"(7:39) 5-D.Montgomery right end pushed ob at SEA 7 for no gain (48-T.Knight)."	"run"	0	0	0	0	0	null	null	null	null	null	null	null	-0.4910502324346453	0.8861585259437561	0	0	0	1	0	0	0	0	0	0	0	0	null	null	"00-0035685"	null	null	null	0	2024	0	0.3809080719947815	-38.09080719947815
2750	"2024_04_SEA_DET"	"DET"	"SEA"	"REG"	4	"DET"	"SEA"	7	"2024-09-30"	12	3	2	1	"07:03"	7	"(7:03) (Shotgun) 14-A.St. Brown pass short left to 16-J.Goff for 7 yards, TOUCHDOWN."	"pass"	7	1	0	0	0	5	null	null	null	null	"DET"	"00-0033106"	1.72411598067265	0.8901771306991577	0	0	0	0	1	0	1	1	0	0	0	1	"00-0036963"	"00-0033106"	null	null	null	null	0	2024	1	0.6695449352264404	33.04550647735596
2776	"2024_04_SEA_DET"	"DET"	"SEA"	"REG"	4	"DET"	"SEA"	15	"2024-09-30"	12	3	null	0	"06:57"	0	"39-J.Bates extra point is GOOD, Center-49-H.Hatten, Holder-3-J.Fox."	"extra_point"	0	0	0	0	0	null	null	33	"good"	null	null	null	0.05117156607063911	0.913906364222027	0	0	0	0	0	0	0	0	0	0	0	0	null	null	null	null	null	"00-0039172"	0	2024	1	null	null
2791	"2024_04_SEA_DET"	"DET"	"SEA"	"REG"	4	"SEA"	"DET"	35	"2024-09-30"	13	3	null	0	"06:57"	0	"39-J.Bates kicks 65 yards from DET 35 to landing zone to end zone, Touchback to the SEA 20."	"kickoff"	0	0	0	0	0	null	null	65	null	null	null	null	-0.3721556896343827	0.08586069941520691	0	0	0	0	0	0	0	0	0	0	0	0	null	null	null	null	null	"00-0039172"	0	2024	0	null	null
2815	"2024_04_SEA_DET"	"DET"	"SEA"	"REG"	4	"SEA"	"DET"	80	"2024-09-30"	13	3	1	0	"06:57"	10	"(6:57) 9-K.Walker right end pushed ob at SEA 48 for 28 yards (12-B.Joseph)."	"run"	28	0	0	0	0	null	null	null	null	null	null	null	1.8578957943245769	0.07716137170791626	0	0	0	1	0	0	0	0	0	0	0	0	null	null	"00-0038134"	null	null	null	0	2024	1	0.5518919825553894	-55.18919825553894
2843	"2024_04_SEA_DET"	"DET"	"SEA"	"REG"	4	"SEA"	"DET"	52	"2024-09-30"	13	3	1	0	"06:33"	10	"(6:33) (No Huddle, Shotgun) 7-G.Smith scrambles up the middle to 50 for 2 yards (0-T.Arnold)."	"run"	2	1	0	0	1	null	null	null	null	null	null	null	-0.4714354481548071	0.10630038380622864	0	0	0	1	0	0	0	0	0	0	0	0	null	null	"00-0030565"	null	null	null	0	2024	0	0.539490282535553	46.0509717464447
2865	"2024_04_SEA_DET"	"DET"	"SEA"	"REG"	4	"SEA"	"DET"	50	"2024-09-30"	13	3	2	0	"05:50"	8	"(5:50) (Shotgun) 7-G.Smith pass incomplete short right. Ball thrown away"	"pass"	0	1	0	0	0	-2	null	null	null	null	null	null	-0.8904435196891427	0.09531044214963913	0	0	0	0	1	0	0	0	0	0	0	0	"00-0030565"	null	null	null	null	null	0	2024	0	0.7850443124771118	21.49556875228882
2892	"2024_04_SEA_DET"	"DET"	"SEA"	"REG"	4	"SEA"	"DET"	50	"2024-09-30"	13	3	3	0	"05:46"	8	"(5:46) (No Huddle, Shotgun) 7-G.Smith pass short right to 11-J.Smith-Njigba to DET 39 for 11 yards (23-C.Davis) [97-A.Hutchinson]."	"pass"	11	1	0	0	0	11	null	null	null	null	null	null	2.2372146751731634	0.0858059898018837	0	0	0	0	1	0	0	0	0	0	0	1	"00-0030565"	"00-0038543"	null	null	null	null	0	2024	1	0.9861456155776978	1.3854384422302246
2917	"2024_04_SEA_DET"	"DET"	"SEA"	"REG"	4	"SEA"	"DET"	39	"2024-09-30"	13	3	1	0	"05:08"	10	"(5:08) (No Huddle, Shotgun) 9-K.Walker up the middle to DET 45 for -6 yards (23-C.Davis)."	"run"	-6	0	0	0	0	null	null	null	null	null	null	null	-1.3780255008023232	0.10239139944314957	0	0	0	1	0	0	0	0	0	0	0	0	null	null	"00-0038134"	null	null	null	0	2024	0	0.5472490787506104	-54.724907875061035
2939	"2024_04_SEA_DET"	"DET"	"SEA"	"REG"	4	"SEA"	"DET"	45	"2024-09-30"	13	3	2	0	"04:23"	16	"(4:23) (Shotgun) 7-G.Smith pass short middle to 16-T.Lockett to DET 16 for 29 yards (31-K.Joseph)."	"pass"	29	1	0	0	0	14	null	null	null	null	null	null	2.9295998563757166	0.08277864009141922	0	0	0	0	1	0	0	0	0	0	0	1	"00-0030565"	"00-0032211"	null	null	null	null	0	2024	1	0.9014686346054077	9.853136539459229
2964	"2024_04_SEA_DET"	"DET"	"SEA"	"REG"	4	"SEA"	"DET"	16	"2024-09-30"	13	3	1	0	"03:53"	10	"(3:53) (No Huddle, Shotgun) 7-G.Smith pass incomplete deep middle [41-J.Houston]. PENALTY on DET-0-T.Arnold, Defensive Holding, 5 yards, enforced at DET 16 - No Play."	"no_play"	0	0	0	0	0	null	null	null	null	null	null	null	0.21380882582161576	0.13477227091789246	0	0	0	0	0	0	0	0	0	0	0	0	null	null	null	null	null	null	0	2024	1	0.47327542304992676	52.672457695007324
2998	"2024_04_SEA_DET"	"DET"	"SEA"	"REG"	4	"SEA"	"DET"	11	"2024-09-30"	13	3	1	0	"03:48"	10	"(3:48) 7-G.Smith pass short right to 19-J.Bobo to DET 1 for 10 yards (0-T.Arnold)."	"pass"	10	1	0	0	0	9	null	null	null	null	null	null	1.2708985718199983	0.13924406468868256	0	0	0	0	1	0	0	0	0	0	0	1	"00-0030565"	"00-0038752"	null	null	null	null	0	2024	1	0.4563135802745819	54.36864197254181
3023	"2024_04_SEA_DET"	"DET"	"SEA"	"REG"	4	"SEA"	"DET"	1	"2024-09-30"	13	3	1	1	"03:09"	1	"(3:09) 9-K.Walker left tackle for 1 yard, TOUCHDOWN."	"run"	1	0	0	0	0	null	null	null	null	null	"SEA"	"00-0038134"	0.5341223875293508	0.1628395915031433	0	0	0	1	0	0	1	0	1	0	0	0	null	null	"00-0038134"	null	null	null	0	2024	1	0.27240097522735596	-27.240097522735596
3046	"2024_04_SEA_DET"	"DET"	"SEA"	"REG"	4	"SEA"	"DET"	2	"2024-09-30"	13	3	null	0	"03:03"	0	"TWO-POINT CONVERSION ATTEMPT. 7-G.Smith pass to 14-D.Metcalf is incomplete. ATTEMPT FAILS. PENALTY on DET-23-C.Davis, Defensive Pass Interference, 1 yard, enforced at DET 2 - No Play."	"no_play"	0	0	0	0	0	null	null	null	null	null	null	null	0	0.17583908462524422	0	0	0	0	0	0	0	0	0	0	0	0	null	null	null	null	null	null	0	2024	0	null	null
3070	"2024_04_SEA_DET"	"DET"	"SEA"	"REG"	4	"SEA"	"DET"	1	"2024-09-30"	13	3	null	0	"03:03"	0	"TWO-POINT CONVERSION ATTEMPT. 7-G.Smith pass to 19-J.Bobo is incomplete. ATTEMPT FAILS."	"pass"	0	1	0	0	0	null	null	null	null	"failure"	null	null	-0.947	0.17583908462524422	0	0	0	0	1	0	0	0	0	0	1	0	"00-0030565"	"00-0038752"	null	null	null	null	0	2024	0	null	null
3083	"2024_04_SEA_DET"	"DET"	"SEA"	"REG"	4	"DET"	"SEA"	35	"2024-09-30"	14	3	null	0	"03:03"	0	"5-J.Myers kicks 65 yards from SEA 35 to end zone, Touchback to the DET 30."	"kickoff"	0	0	0	0	0	null	null	65	null	null	null	null	0.2937806493137032	0.8586509823799133	0	0	0	0	0	0	0	0	0	0	0	0	null	null	null	null	null	"00-0031492"	0	2024	1	null	null
3107	"2024_04_SEA_DET"	"DET"	"SEA"	"REG"	4	"DET"	"SEA"	70	"2024-09-30"	14	3	1	0	"03:03"	10	"(3:03) 16-J.Goff pass short right to 9-J.Williams for 70 yards, TOUCHDOWN. PENALTY on DET-9-J.Williams, Unsportsmanlike Conduct, 15 yards, enforced between downs."	"pass"	70	1	0	0	0	14	null	null	null	null	"DET"	"00-0037240"	5.044859228655696	0.8625503182411194	0	0	0	0	1	0	1	1	0	0	0	1	"00-0033106"	"00-0037240"	null	null	null	null	0	2024	1	0.4625827968120575	53.74172031879425
3144	"2024_04_SEA_DET"	"DET"	"SEA"	"REG"	4	"DET"	"SEA"	30	"2024-09-30"	14	3	null	0	"02:52"	0	"39-J.Bates extra point is GOOD, Center-49-H.Hatten, Holder-3-J.Fox."	"extra_point"	0	0	0	0	0	null	null	48	"good"	null	null	null	0.2566468109132223	0.9413120913718577	0	0	0	0	0	0	0	0	0	0	0	0	null	null	null	null	null	"00-0039172"	0	2024	1	null	null
3159	"2024_04_SEA_DET"	"DET"	"SEA"	"REG"	4	"SEA"	"DET"	35	"2024-09-30"	15	3	null	0	"02:52"	0	"39-J.Bates kicks 65 yards from DET 35 to end zone, Touchback to the SEA 30."	"kickoff"	0	0	0	0	0	null	null	65	null	null	null	null	0.274399833753705	0.05793117731809616	0	0	0	0	0	0	0	0	0	0	0	0	null	null	null	null	null	"00-0039172"	0	2024	1	null	null
3183	"2024_04_SEA_DET"	"DET"	"SEA"	"REG"	4	"SEA"	"DET"	70	"2024-09-30"	15	3	1	0	"02:52"	10	"(2:52) (Shotgun) 7-G.Smith pass short left to 9-K.Walker pushed ob at SEA 37 for 7 yards (91-L.Onwuzurike)."	"pass"	7	1	0	0	0	-6	null	null	null	null	null	null	0.35928502888418734	0.06755738705396652	0	0	0	0	1	0	0	0	0	0	0	1	"00-0030565"	"00-0038134"	null	null	null	null	0	2024	1	0.5934430956840515	40.65569043159485
3213	"2024_04_SEA_DET"	"DET"	"SEA"	"REG"	4	"SEA"	"DET"	63	"2024-09-30"	15	3	2	0	"02:20"	3	"(2:20) (No Huddle, Shotgun) 7-G.Smith pass short right to 16-T.Lockett to SEA 42 for 5 yards (44-M.Rodriguez)."	"pass"	5	1	0	0	0	3	null	null	null	null	null	null	0.3552332082763314	0.062404971569776535	0	0	0	0	1	0	0	0	0	0	0	1	"00-0030565"	"00-0032211"	null	null	null	null	0	2024	1	0.46827948093414307	53.17205190658569
3238	"2024_04_SEA_DET"	"DET"	"SEA"	"REG"	4	"SEA"	"DET"	58	"2024-09-30"	15	3	1	0	"01:37"	10	"(1:37) (No Huddle, Shotgun) 9-K.Walker left end to DET 35 for 23 yards (31-K.Joseph; 23-C.Davis). DET-23-C.Davis was injured during the play."	"run"	23	0	0	0	0	null	null	null	null	null	null	null	1.6069962392793968	0.06760799884796143	0	0	0	1	0	0	0	0	0	0	0	0	null	null	"00-0038134"	null	null	null	0	2024	1	0.5944796800613403	-59.44796800613403
3263	"2024_04_SEA_DET"	"DET"	"SEA"	"REG"	4	"SEA"	"DET"	35	"2024-09-30"	15	3	1	0	"01:05"	10	"(1:05) (Shotgun) 7-G.Smith sacked at DET 39 for -4 yards (98-D.Reader)."	"pass"	-4	1	0	0	0	null	null	null	null	null	null	null	-1.28782566182781	0.07359622418880463	0	0	0	0	1	1	0	0	0	0	0	0	"00-0030565"	null	null	null	null	null	0	2024	0	0.5817882418632507	41.82117581367493
3298	"2024_04_SEA_DET"	"DET"	"SEA"	"REG"	4	"SEA"	"DET"	39	"2024-09-30"	15	3	2	0	"00:20"	14	"(:20) (Shotgun) 7-G.Smith pass short left to 1-L.Shenault to DET 21 for 18 yards (12-B.Joseph). ** Injury Update: DET-23-C.Davis has returned to the game."	"pass"	18	1	0	0	0	-1	null	null	null	null	null	null	2.2618434871546924	0.059891264885663986	0	0	0	0	1	0	0	0	0	0	0	1	"00-0030565"	"00-0036268"	null	null	null	null	0	2024	1	0.9150403738021851	8.495962619781494
3323	"2024_04_SEA_DET"	"DET"	"SEA"	"REG"	4	"SEA"	"DET"	null	"2024-09-30"	15	3	null	0	"00:00"	0	"END QUARTER 3"	null	null	null	0	0	0	null	null	null	null	null	null	null	0	0.0981329083442688	null	null	null	null	null	null	null	null	null	null	null	null	null	null	null	null	null	null	null	2024	0	null	null
3343	"2024_04_SEA_DET"	"DET"	"SEA"	"REG"	4	"SEA"	"DET"	21	"2024-09-30"	15	4	1	0	"15:00"	10	"(15:00) (Shotgun) 7-G.Smith pass incomplete short left to 9-K.Walker."	"pass"	0	1	0	0	0	1	null	null	null	null	null	null	-0.500283342669718	0.0981329083442688	0	0	0	0	1	0	0	0	0	0	0	0	"00-0030565"	"00-0038134"	null	null	null	null	0	2024	0	0.6445774435997009	35.54225564002991
3369	"2024_04_SEA_DET"	"DET"	"SEA"	"REG"	4	"SEA"	"DET"	21	"2024-09-30"	15	4	2	0	"14:57"	10	"(14:57) 9-K.Walker left end for 21 yards, TOUCHDOWN."	"run"	21	0	0	0	0	null	null	null	null	null	"SEA"	"00-0038134"	2.8331461023772135	0.08781798183917999	0	0	0	1	0	0	1	0	1	0	0	0	null	null	"00-0038134"	null	null	null	0	2024	1	0.7422871589660645	-74.22871589660645
3392	"2024_04_SEA_DET"	"DET"	"SEA"	"REG"	4	"SEA"	"DET"	15	"2024-09-30"	15	4	null	0	"14:48"	0	"5-J.Myers extra point is GOOD, Center-41-C.Stoll, Holder-4-M.Dickson."	"extra_point"	0	0	0	0	0	null	null	33	"good"	null	null	null	0.05117156607063911	0.132525289533857	0	0	0	0	0	0	0	0	0	0	0	0	null	null	null	null	null	"00-0031492"	0	2024	1	null	null
3407	"2024_04_SEA_DET"	"DET"	"SEA"	"REG"	4	"DET"	"SEA"	35	"2024-09-30"	16	4	null	0	"14:48"	0	"5-J.Myers kicks 65 yards from SEA 35 to end zone, Touchback to the DET 30."	"kickoff"	0	0	0	0	0	null	null	65	null	null	null	null	0.26140652829781175	0.8665899634361267	0	0	0	0	0	0	0	0	0	0	0	0	null	null	null	null	null	"00-0031492"	0	2024	1	null	null
3431	"2024_04_SEA_DET"	"DET"	"SEA"	"REG"	4	"DET"	"SEA"	70	"2024-09-30"	16	4	1	0	"14:48"	10	"(14:48) 26-J.Gibbs left tackle to DET 37 for 7 yards (48-T.Knight)."	"run"	7	0	0	0	0	null	null	null	null	null	null	null	0.2997954888269305	0.8703034520149231	0	0	0	1	0	0	0	0	0	0	0	0	null	null	"00-0039139"	null	null	null	0	2024	1	0.42514753341674805	-42.514753341674805
3453	"2024_04_SEA_DET"	"DET"	"SEA"	"REG"	4	"DET"	"SEA"	63	"2024-09-30"	16	4	2	0	"14:10"	3	"(14:10) 70-D.Skipper reported in as eligible. 26-J.Gibbs up the middle to DET 39 for 2 yards (90-Ja.Reed)."	"run"	2	0	0	0	0	null	null	null	null	null	null	null	-0.16307674814015627	0.8964155316352844	0	0	0	1	0	0	0	0	0	0	0	0	null	null	"00-0039139"	null	null	null	0	2024	0	0.32744312286376953	-32.74431228637695
3477	"2024_04_SEA_DET"	"DET"	"SEA"	"REG"	4	"DET"	"SEA"	61	"2024-09-30"	16	4	3	0	"13:32"	1	"(13:32) 5-D.Montgomery right end to DET 37 for -2 yards (0-T.Dodson)."	"run"	-2	0	0	0	0	null	null	null	null	null	null	null	-2.305813414976001	0.9071247577667236	0	0	0	1	0	0	0	0	0	0	0	0	null	null	"00-0035685"	null	null	null	0	2024	0	0.33701393008232117	-33.70139300823212
3499	"2024_04_SEA_DET"	"DET"	"SEA"	"REG"	4	"DET"	"SEA"	63	"2024-09-30"	16	4	4	0	"12:55"	3	"(12:55) 3-J.Fox punts 42 yards to SEA 21, Center-49-H.Hatten, fair catch by 33-D.Williams."	"punt"	0	0	0	0	0	null	null	42	null	null	null	null	-0.43119799764826894	0.8668532967567444	0	0	0	0	0	0	0	0	0	0	0	0	null	null	null	"00-0039306"	null	null	0	2024	0	null	null
3519	"2024_04_SEA_DET"	"DET"	"SEA"	"REG"	4	"SEA"	"DET"	79	"2024-09-30"	17	4	1	0	"12:49"	10	"(12:49) (Shotgun) 7-G.Smith pass short right to 26-Z.Charbonnet to SEA 24 for 3 yards (23-C.Davis)."	"pass"	3	1	0	0	0	1	null	null	null	null	null	null	-0.3922770186327398	0.15579082071781158	0	0	0	0	1	0	0	0	0	0	0	1	"00-0030565"	"00-0039165"	null	null	null	null	0	2024	0	0.5931311845779419	40.68688154220581
3551	"2024_04_SEA_DET"	"DET"	"SEA"	"REG"	4	"SEA"	"DET"	76	"2024-09-30"	17	4	2	0	"12:14"	7	"(12:14) 7-G.Smith pass short right to 88-A.Barner to SEA 42 for 18 yards (0-T.Arnold; 12-B.Joseph)."	"pass"	18	1	0	0	0	2	null	null	null	null	null	null	1.7163587040267885	0.14736995100975037	0	0	0	0	1	0	0	0	0	0	0	1	"00-0030565"	"00-0039793"	null	null	null	null	0	2024	1	0.7631279826164246	23.687201738357544
3576	"2024_04_SEA_DET"	"DET"	"SEA"	"REG"	4	"SEA"	"DET"	58	"2024-09-30"	17	4	1	0	"11:44"	10	"(11:44) (No Huddle, Shotgun) 26-Z.Charbonnet up the middle to DET 46 for 12 yards (34-A.Anzalone, 23-C.Davis)."	"run"	12	0	0	0	0	null	null	null	null	null	null	null	0.7577302912250161	0.18772025406360626	0	0	0	1	0	0	0	0	0	0	0	0	null	null	"00-0039165"	null	null	null	0	2024	1	0.6109495759010315	-61.09495759010315
3598	"2024_04_SEA_DET"	"DET"	"SEA"	"REG"	4	"SEA"	"DET"	46	"2024-09-30"	17	4	1	0	"11:14"	10	"(11:14) (No Huddle, Shotgun) 7-G.Smith pass short middle to 11-J.Smith-Njigba to DET 38 for 8 yards (46-J.Campbell)."	"pass"	8	1	0	0	0	3	null	null	null	null	null	null	0.5825444387737662	0.19900842010974884	0	0	0	0	1	0	0	0	0	0	0	1	"00-0030565"	"00-0038543"	null	null	null	null	0	2024	1	0.5942133069038391	40.57866930961609
3623	"2024_04_SEA_DET"	"DET"	"SEA"	"REG"	4	"SEA"	"DET"	38	"2024-09-30"	17	4	2	0	"10:28"	2	"(10:28) 26-Z.Charbonnet right end pushed ob at DET 33 for 5 yards (46-J.Campbell). PENALTY on SEA-14-D.Metcalf, Offensive Holding, 10 yards, enforced at DET 35."	"run"	3	0	0	0	0	null	null	null	null	null	null	null	-1.025872718775645	0.1998300999403	0	0	0	1	0	0	0	0	0	0	0	0	null	null	"00-0039165"	null	null	null	0	2024	0	0.39399486780166626	-39.399486780166626
3661	"2024_04_SEA_DET"	"DET"	"SEA"	"REG"	4	"SEA"	"DET"	45	"2024-09-30"	17	4	2	0	"10:05"	9	"(10:05) (Shotgun) 7-G.Smith pass short left to 26-Z.Charbonnet to DET 39 for 6 yards (21-A.Robertson)."	"pass"	6	1	0	0	0	-1	null	null	null	null	null	null	0.0741214039735496	0.16563087701797485	0	0	0	0	1	0	0	0	0	0	0	1	"00-0030565"	"00-0039165"	null	null	null	null	0	2024	1	0.8152086734771729	18.479132652282715
3686	"2024_04_SEA_DET"	"DET"	"SEA"	"REG"	4	"SEA"	"DET"	39	"2024-09-30"	17	4	3	0	"09:21"	3	"(9:21) (Shotgun) 7-G.Smith pass incomplete short right to 16-T.Lockett (21-A.Robertson)."	"pass"	0	1	0	0	0	6	null	null	null	null	null	null	-1.9958595235366374	0.17371879518032074	0	0	0	0	1	0	0	0	0	0	0	0	"00-0030565"	"00-0032211"	null	null	null	null	0	2024	0	0.8861366510391235	11.386334896087646
3709	"2024_04_SEA_DET"	"DET"	"SEA"	"REG"	4	"SEA"	"DET"	39	"2024-09-30"	17	4	4	0	"09:18"	3	"(9:18) (Shotgun) 7-G.Smith pass short right to 11-J.Smith-Njigba pushed ob at DET 31 for 8 yards (21-A.Robertson). PENALTY on SEA-16-T.Lockett, Offensive Pass Interference, 10 yards, enforced at DET 39 - No Play."	"no_play"	0	0	0	0	0	null	null	null	null	null	null	null	-0.9452789940405637	0.128794327378273	0	0	0	0	0	0	0	0	0	0	0	0	null	null	null	null	null	null	0	2024	0	0.9326848983764648	6.731510162353516
3751	"2024_04_SEA_DET"	"DET"	"SEA"	"REG"	4	"SEA"	"DET"	49	"2024-09-30"	17	4	4	0	"09:02"	13	"(9:02) (Punt formation) PENALTY on SEA-26-Z.Charbonnet, False Start, 5 yards, enforced at DET 49 - No Play."	"no_play"	0	0	0	0	0	null	null	null	null	null	null	null	-0.20472398214042187	0.09149203449487686	0	0	0	0	0	0	0	0	0	0	0	0	null	null	null	null	null	null	0	2024	0	0.9888932108879089	null
3779	"2024_04_SEA_DET"	"DET"	"SEA"	"REG"	4	"SEA"	"DET"	54	"2024-09-30"	17	4	4	0	"09:02"	18	"(9:02) 4-M.Dickson punts 54 yards to end zone, Center-41-C.Stoll, Touchback."	"punt"	0	0	0	0	0	null	null	54	null	null	null	null	-0.5417678947560489	0.09149203449487686	0	0	0	0	0	0	0	0	0	0	0	0	null	null	null	null	null	null	0	2024	0	null	null
3797	"2024_04_SEA_DET"	"DET"	"SEA"	"REG"	4	"DET"	"SEA"	80	"2024-09-30"	18	4	1	0	"08:57"	10	"(8:57) 16-J.Goff pass deep right to 17-T.Patrick to DET 49 for 29 yards (2-R.Jenkins)."	"pass"	29	1	0	0	0	19	null	null	null	null	null	null	1.6212280241306871	0.9154781699180603	0	0	0	0	1	0	0	0	0	0	0	1	"00-0033106"	"00-0033375"	null	null	null	null	0	2024	1	0.3444221317768097	65.55778682231903
3822	"2024_04_SEA_DET"	"DET"	"SEA"	"REG"	4	"DET"	"SEA"	51	"2024-09-30"	18	4	1	0	"08:15"	10	"(8:15) 26-J.Gibbs up the middle to SEA 48 for 3 yards (0-T.Dodson; 2-R.Jenkins)."	"run"	3	0	0	0	0	null	null	null	null	null	null	null	-0.23535737837664783	0.9328685998916626	0	0	0	1	0	0	0	0	0	0	0	0	null	null	"00-0039139"	null	null	null	0	2024	0	0.3204940855503082	-32.04940855503082
3844	"2024_04_SEA_DET"	"DET"	"SEA"	"REG"	4	"DET"	"SEA"	48	"2024-09-30"	18	4	2	0	"07:40"	7	"(7:40) 26-J.Gibbs up the middle to SEA 40 for 8 yards (24-K.Wallace; 8-C.Bryant)."	"run"	8	0	0	0	0	null	null	null	null	null	null	null	0.9045861333142966	0.9335586428642273	0	0	0	1	0	0	0	0	0	0	0	0	null	null	"00-0039139"	null	null	null	0	2024	1	0.5866737961769104	-58.66737961769104
3866	"2024_04_SEA_DET"	"DET"	"SEA"	"REG"	4	"DET"	"SEA"	40	"2024-09-30"	18	4	1	0	"07:03"	10	"(7:03) 16-J.Goff pass short middle to 87-S.LaPorta to SEA 10 for 30 yards (27-T.Woolen; 0-T.Dodson)."	"pass"	30	1	0	0	0	-5	null	null	null	null	null	null	1.7077605563681573	0.9490231275558472	0	0	0	0	1	0	0	0	0	0	0	1	"00-0033106"	"00-0039065"	null	null	null	null	0	2024	1	0.26570072770118713	73.42992722988129
3891	"2024_04_SEA_DET"	"DET"	"SEA"	"REG"	4	"DET"	"SEA"	10	"2024-09-30"	18	4	1	1	"06:17"	10	"(6:17) (Shotgun) 16-J.Goff pass incomplete short left to 87-S.LaPorta [90-Ja.Reed]. PENALTY on DET-89-B.Wright, Offensive Pass Interference, 10 yards, enforced at SEA 10 - No Play."	"no_play"	0	0	0	0	0	null	null	null	null	null	null	null	-1.1643613881897181	0.9691538214683533	0	0	0	0	0	0	0	0	0	0	0	0	null	null	null	null	null	null	0	2024	0	0.20656158030033112	79.34384196996689
3925	"2024_04_SEA_DET"	"DET"	"SEA"	"REG"	4	"DET"	"SEA"	20	"2024-09-30"	18	4	1	1	"06:13"	20	"(6:13) (Shotgun) 26-J.Gibbs left end pushed ob at SEA 12 for 8 yards (8-C.Bryant)."	"run"	8	0	0	0	0	null	null	null	null	null	null	null	0.37913737702183425	0.9618476629257202	0	0	0	1	0	0	0	0	0	0	0	0	null	null	"00-0039139"	null	null	null	0	2024	1	0.48070091009140015	-48.070091009140015
3952	"2024_04_SEA_DET"	"DET"	"SEA"	"REG"	4	"DET"	"SEA"	12	"2024-09-30"	18	4	2	1	"05:36"	12	"(5:36) (Shotgun) 26-J.Gibbs up the middle to SEA 8 for 4 yards (95-M.Adams)."	"run"	4	0	0	0	0	null	null	null	null	null	null	null	-0.3459692986216396	0.9622796177864075	0	0	0	1	0	0	0	0	0	0	0	0	null	null	"00-0039139"	null	null	null	0	2024	0	0.6183691620826721	-61.83691620826721
3986	"2024_04_SEA_DET"	"DET"	"SEA"	"REG"	4	null	null	null	"2024-09-30"	18	4	null	0	"05:29"	0	"Timeout #1 by SEA at 05:29."	"no_play"	0	0	0	0	0	null	null	null	null	null	null	null	0	0.9620832800865173	0	0	0	0	0	0	0	0	0	0	0	0	null	null	null	null	null	null	0	2024	0	null	null
3974	"2024_04_SEA_DET"	"DET"	"SEA"	"REG"	4	"DET"	"SEA"	8	"2024-09-30"	18	4	3	1	"05:29"	8	"(5:29) (Shotgun) 16-J.Goff pass short left to 14-A.St. Brown for 8 yards, TOUCHDOWN."	"pass"	8	1	0	0	0	8	null	null	null	null	"DET"	"00-0036963"	3.040326081449166	0.9620832800865173	0	0	0	0	1	0	1	1	0	0	0	1	"00-0033106"	"00-0036963"	null	null	null	null	0	2024	1	0.873249888420105	12.675011157989502
4007	"2024_04_SEA_DET"	"DET"	"SEA"	"REG"	4	"DET"	"SEA"	15	"2024-09-30"	18	4	null	0	"05:23"	0	"39-J.Bates extra point is GOOD, Center-49-H.Hatten, Holder-3-J.Fox."	"extra_point"	0	0	0	0	0	null	null	33	"good"	null	null	null	0.05117156607063911	0.9792626642153985	0	0	0	0	0	0	0	0	0	0	0	0	null	null	null	null	null	"00-0039172"	0	2024	1	null	null
4022	"2024_04_SEA_DET"	"DET"	"SEA"	"REG"	4	"SEA"	"DET"	35	"2024-09-30"	19	4	null	0	"05:23"	0	"39-J.Bates kicks 65 yards from DET 35 to end zone, Touchback to the SEA 30."	"kickoff"	0	0	0	0	0	null	null	65	null	null	null	null	0.39111766358837485	0.02029627189040184	0	0	0	0	0	0	0	0	0	0	0	0	null	null	null	null	null	"00-0039172"	0	2024	1	null	null
4046	"2024_04_SEA_DET"	"DET"	"SEA"	"REG"	4	"SEA"	"DET"	70	"2024-09-30"	19	4	1	0	"05:23"	10	"(5:23) (Shotgun) 7-G.Smith sacked at SEA 28 for -2 yards (sack split by 91-L.Onwuzurike and 54-A.McNeill)."	"pass"	-2	1	0	0	0	null	null	null	null	null	null	null	-1.1869253430049866	0.023826997727155685	0	0	0	0	1	1	0	0	0	0	0	0	"00-0030565"	null	null	null	null	null	0	2024	0	0.9339809417724609	6.601905822753906
4066	"2024_04_SEA_DET"	"DET"	"SEA"	"REG"	4	"SEA"	"DET"	72	"2024-09-30"	19	4	2	0	"04:51"	12	"(4:51) (No Huddle, Shotgun) 7-G.Smith pass short left to 9-K.Walker to SEA 41 for 13 yards (21-A.Robertson)."	"pass"	13	1	0	0	0	4	null	null	null	null	null	null	1.7497695828787982	0.014553860761225224	0	0	0	0	1	0	0	0	0	0	0	1	"00-0030565"	"00-0038134"	null	null	null	null	0	2024	1	0.9646698832511902	3.5330116748809814
4091	"2024_04_SEA_DET"	"DET"	"SEA"	"REG"	4	"SEA"	"DET"	59	"2024-09-30"	19	4	1	0	"04:25"	10	"(4:25) (No Huddle, Shotgun) 7-G.Smith pass short middle to 16-T.Lockett to DET 46 for 13 yards (21-A.Robertson)."	"pass"	13	1	0	0	0	12	null	null	null	null	null	null	0.8768897125846706	0.01825389266014099	0	0	0	0	1	0	0	0	0	0	0	1	"00-0030565"	"00-0032211"	null	null	null	null	0	2024	1	0.9389515519142151	6.104844808578491
4116	"2024_04_SEA_DET"	"DET"	"SEA"	"REG"	4	"SEA"	"DET"	46	"2024-09-30"	19	4	1	0	"03:58"	10	"(3:58) (No Huddle, Shotgun) 7-G.Smith pass incomplete deep left to 11-J.Smith-Njigba."	"pass"	0	1	0	0	0	17	null	null	null	null	null	null	-0.49274494528071955	0.019713403657078743	0	0	0	0	1	0	0	0	0	0	0	0	"00-0030565"	"00-0038543"	null	null	null	null	0	2024	0	0.9399298429489136	6.007015705108643
4139	"2024_04_SEA_DET"	"DET"	"SEA"	"REG"	4	"SEA"	"DET"	46	"2024-09-30"	19	4	2	0	"03:54"	10	"(3:54) (No Huddle, Shotgun) 7-G.Smith pass short left to 87-N.Fant to DET 36 for 10 yards (31-K.Joseph)."	"pass"	10	1	0	0	0	9	null	null	null	null	null	null	0.9560639866976999	0.01603417843580246	0	0	0	0	1	0	0	0	0	0	0	1	"00-0030565"	"00-0035644"	null	null	null	null	0	2024	1	0.9524800777435303	4.751992225646973
4164	"2024_04_SEA_DET"	"DET"	"SEA"	"REG"	4	"SEA"	"DET"	36	"2024-09-30"	19	4	1	0	"03:17"	10	"(3:17) (No Huddle, Shotgun) 7-G.Smith pass short left to 11-J.Smith-Njigba to DET 32 for 4 yards (21-A.Robertson)."	"pass"	4	1	0	0	0	1	null	null	null	null	null	null	-0.059766388207208365	0.009436329826712608	0	0	0	0	1	0	0	0	0	0	0	1	"00-0030565"	"00-0038543"	null	null	null	null	0	2024	0	0.9483750462532043	5.162495374679565
4189	"2024_04_SEA_DET"	"DET"	"SEA"	"REG"	4	"SEA"	"DET"	32	"2024-09-30"	19	4	2	0	"02:54"	6	"(2:54) (No Huddle, Shotgun) 7-G.Smith pass incomplete deep right to 14-D.Metcalf (12-B.Joseph). PENALTY on DET-41-J.Houston, Defensive Offside, 5 yards, enforced at DET 32 - No Play."	"no_play"	0	0	0	0	0	null	null	null	null	null	null	null	0.6765330419875681	0.006669664289802313	0	0	0	0	0	0	0	0	0	0	0	0	null	null	null	null	null	null	0	2024	1	0.9593731164932251	4.06268835067749
4223	"2024_04_SEA_DET"	"DET"	"SEA"	"REG"	4	"SEA"	"DET"	27	"2024-09-30"	19	4	2	0	"02:45"	1	"(2:45) (Shotgun) 7-G.Smith pass short left to 19-J.Bobo pushed ob at DET 18 for 9 yards (34-A.Anzalone)."	"pass"	9	1	0	0	0	4	null	null	null	null	null	null	0.6907431374420412	0.006493693683296442	0	0	0	0	1	0	0	0	0	0	0	1	"00-0030565"	"00-0038752"	null	null	null	null	0	2024	1	0.8856456279754639	11.435437202453613
4253	"2024_04_SEA_DET"	"DET"	"SEA"	"REG"	4	"SEA"	"DET"	18	"2024-09-30"	19	4	1	0	"02:40"	10	"(2:40) (No Huddle, Shotgun) 7-G.Smith scrambles right end ran ob at DET 7 for 11 yards (21-A.Robertson). PENALTY on DET-0-T.Arnold, Defensive Holding, 4 yards, enforced at DET 7."	"run"	11	1	0	0	1	null	null	null	null	null	null	null	1.5124625679163728	0.005836633965373039	0	0	0	1	0	0	0	0	0	0	0	0	null	null	"00-0030565"	null	null	null	0	2024	1	0.9513428211212158	4.865717887878418
4291	"2024_04_SEA_DET"	"DET"	"SEA"	"REG"	4	"SEA"	"DET"	3	"2024-09-30"	19	4	1	1	"02:33"	3	"(2:33) (Shotgun) 7-G.Smith pass incomplete short left to 16-T.Lockett (54-A.McNeill) [97-A.Hutchinson]."	"pass"	0	1	0	0	0	-3	null	null	null	null	null	null	-0.39795607366249897	0.006510607898235321	0	0	0	0	1	0	0	0	0	0	0	0	"00-0030565"	"00-0032211"	null	null	null	null	0	2024	0	0.850235104560852	14.976489543914795
4314	"2024_04_SEA_DET"	"DET"	"SEA"	"REG"	4	"SEA"	"DET"	3	"2024-09-30"	19	4	2	1	"02:28"	3	"(2:28) (Shotgun) 7-G.Smith pass incomplete short middle to 11-J.Smith-Njigba (34-A.Anzalone)."	"pass"	0	1	0	0	0	3	null	null	null	null	null	null	-0.9668490826734342	0.005704957991838455	0	0	0	0	1	0	0	0	0	0	0	0	"00-0030565"	"00-0038543"	null	null	null	null	0	2024	0	0.8847420811653137	11.525791883468628
4337	"2024_04_SEA_DET"	"DET"	"SEA"	"REG"	4	"SEA"	"DET"	3	"2024-09-30"	19	4	3	1	"02:25"	3	"(2:25) (Shotgun) 7-G.Smith pass incomplete short left to 14-D.Metcalf (23-C.Davis)."	"pass"	0	1	0	0	0	3	null	null	null	null	null	null	-1.7562343818717636	0.005408485420048237	0	0	0	0	1	0	0	0	0	0	0	0	"00-0030565"	"00-0035640"	null	null	null	null	0	2024	0	0.9542837142944336	4.571628570556641
4360	"2024_04_SEA_DET"	"DET"	"SEA"	"REG"	4	"SEA"	"DET"	3	"2024-09-30"	19	4	4	1	"02:16"	3	"(2:16) (Shotgun) 7-G.Smith pass incomplete short left to 16-T.Lockett."	"pass"	0	1	0	0	0	3	null	null	null	null	null	null	-3.3124604037147947	0.003823555540293455	0	0	0	0	1	0	0	0	0	0	0	0	"00-0030565"	"00-0032211"	null	null	null	null	0	2024	0	0.97988361120224	2.011638879776001
4383	"2024_04_SEA_DET"	"DET"	"SEA"	"REG"	4	"DET"	"SEA"	96	"2024-09-30"	20	4	1	0	"02:09"	10	"(2:09) 5-D.Montgomery right tackle to DET 4 for no gain (0-T.Dodson)."	"run"	0	0	0	0	0	null	null	null	null	null	null	null	-0.46011970576364547	0.9989150762557983	0	0	0	1	0	0	0	0	0	0	0	0	null	null	"00-0035685"	null	null	null	0	2024	0	0.030416684225201607	-3.0416684225201607
4417	"2024_04_SEA_DET"	"DET"	"SEA"	"REG"	4	null	null	null	"2024-09-30"	20	4	null	0	"02:05"	0	"Timeout #2 by SEA at 02:05."	"no_play"	0	0	0	0	0	null	null	null	null	null	null	null	0	0.9986395239830017	0	0	0	0	0	0	0	0	0	0	0	0	null	null	null	null	null	null	0	2024	0	null	null
4405	"2024_04_SEA_DET"	"DET"	"SEA"	"REG"	4	"DET"	"SEA"	96	"2024-09-30"	20	4	2	0	"02:05"	10	"(2:05) 16-J.Goff sacked in End Zone for -4 yards, SAFETY (55-D.Jones)."	"pass"	-4	1	0	0	0	null	null	null	null	null	null	null	-1.913223599200137	0.9986395239830017	0	1	0	0	1	1	0	0	0	0	0	0	"00-0033106"	null	null	null	null	null	0	2024	0	0.06074651703238487	93.92534829676151
4432	"2024_04_SEA_DET"	"DET"	"SEA"	"REG"	4	"SEA"	"DET"	20	"2024-09-30"	21	4	null	0	"02:01"	0	"39-J.Bates kicks 76 yards from DET 20 to SEA 4. 33-D.Williams pushed ob at DET 43 for 53 yards (39-J.Bates). PENALTY on SEA-83-D.Young, Offensive Holding, 10 yards, enforced at SEA 30."	"kickoff"	0	0	0	0	0	null	null	76	null	null	null	null	-0.6511426175711676	0.009856894612312317	0	0	0	0	0	0	0	0	0	0	0	0	null	null	null	null	"00-0039306"	"00-0039172"	26	2024	0	null	null
4492	"2024_04_SEA_DET"	"DET"	"SEA"	"REG"	4	"SEA"	"DET"	80	"2024-09-30"	21	4	1	0	"01:54"	10	"(1:54) (Shotgun) 7-G.Smith pass deep right to 14-D.Metcalf ran ob at SEA 41 for 21 yards (23-C.Davis)."	"pass"	21	1	0	0	0	18	null	null	null	null	null	null	1.2192311480175704	0.007803273852914572	0	0	0	0	1	0	0	0	0	0	0	1	"00-0030565"	"00-0035640"	null	null	null	null	0	2024	1	0.9704302549362183	2.956974506378174
4534	"2024_04_SEA_DET"	"DET"	"SEA"	"REG"	4	"SEA"	"DET"	59	"2024-09-30"	21	4	1	0	"01:48"	10	"(1:48) (Shotgun) 7-G.Smith scrambles right end to DET 48 for 11 yards (34-A.Anzalone)."	"run"	11	1	0	0	1	null	null	null	null	null	null	null	0.7000134259578772	0.0103446738794446	0	0	0	1	0	0	0	0	0	0	0	0	null	null	"00-0030565"	null	null	null	0	2024	1	0.9782534241676331	2.1746575832366943
4556	"2024_04_SEA_DET"	"DET"	"SEA"	"REG"	4	"SEA"	"DET"	48	"2024-09-30"	21	4	1	0	"01:19"	10	"(1:19) (No Huddle, Shotgun) 7-G.Smith pass incomplete short right [34-A.Anzalone]. Ball thrown away"	"pass"	0	1	0	0	0	4	null	null	null	null	null	null	-0.5111548387212679	0.005317910108715296	0	0	0	0	1	0	0	0	0	0	0	0	"00-0030565"	null	null	null	null	null	0	2024	0	0.9701224565505981	2.9877543449401855
4583	"2024_04_SEA_DET"	"DET"	"SEA"	"REG"	4	"SEA"	"DET"	48	"2024-09-30"	21	4	2	0	"01:16"	10	"(1:16) (Shotgun) 7-G.Smith pass incomplete short left to 19-J.Bobo. PENALTY on DET-0-T.Arnold, Defensive Pass Interference, 13 yards, enforced at DET 48 - No Play."	"no_play"	0	0	0	0	0	null	null	null	null	null	null	null	1.0592975352774374	0.004377624485641718	0	0	0	0	0	0	0	0	0	0	0	0	null	null	null	null	null	null	0	2024	1	0.9680970907211304	3.190290927886963
4617	"2024_04_SEA_DET"	"DET"	"SEA"	"REG"	4	"SEA"	"DET"	35	"2024-09-30"	21	4	1	0	"01:11"	10	"(1:11) (Shotgun) 7-G.Smith pass incomplete deep middle to 16-T.Lockett. DET-91-L.Onwuzurike was injured during the play. PENALTY on DET-91-L.Onwuzurike, Roughing the Passer, 15 yards, enforced at DET 35 - No Play."	"no_play"	0	0	0	0	0	null	null	null	null	null	null	null	1.2488224701373838	0.006546142511069775	0	0	0	0	0	0	0	0	0	0	0	0	null	null	null	null	null	null	0	2024	1	0.9788441061973572	2.1155893802642822
4666	"2024_04_SEA_DET"	"DET"	"SEA"	"REG"	4	null	null	null	"2024-09-30"	21	4	null	0	"01:06"	0	"Timeout #1 by DET at 01:06."	"no_play"	0	0	0	0	0	null	null	null	null	null	null	null	0	0.007832805626094341	0	0	0	0	0	0	0	0	0	0	0	0	null	null	null	null	null	null	0	2024	0	null	null
4651	"2024_04_SEA_DET"	"DET"	"SEA"	"REG"	4	"SEA"	"DET"	20	"2024-09-30"	21	4	1	0	"01:06"	10	"(1:06) (Shotgun) 7-G.Smith pass deep middle intended for 11-J.Smith-Njigba INTERCEPTED by 31-K.Joseph [97-A.Hutchinson] at DET -5. Touchback."	"pass"	0	1	0	0	0	20	null	null	null	null	null	null	-4.408023399359081	0.007832805626094341	1	0	0	0	1	0	0	0	0	0	0	0	"00-0030565"	"00-0038543"	null	null	null	null	0	2024	0	0.9823732376098633	1.7626762390136719
4689	"2024_04_SEA_DET"	"DET"	"SEA"	"REG"	4	"DET"	"SEA"	80	"2024-09-30"	22	4	1	0	"01:00"	10	"(1:00) 16-J.Goff kneels to DET 19 for -1 yards."	"qb_kneel"	-1	0	1	0	0	null	null	null	null	null	null	null	0	0.999242901802063	0	0	0	1	0	0	0	0	0	0	0	0	null	null	"00-0033106"	null	null	null	0	2024	0	null	null
4711	"2024_04_SEA_DET"	"DET"	"SEA"	"REG"	4	"DET"	"SEA"	81	"2024-09-30"	22	4	2	0	"00:29"	11	"(:29) 16-J.Goff kneels to DET 18 for -1 yards."	"qb_kneel"	-1	0	1	0	0	null	null	null	null	null	null	null	0	0.9991378784179688	0	0	0	1	0	0	0	0	0	0	0	0	null	null	"00-0033106"	null	null	null	0	2024	0	null	null
4733	"2024_04_SEA_DET"	"DET"	"SEA"	"REG"	4	"DET"	"SEA"	null	"2024-09-30"	22	4	null	0	"00:00"	0	"END GAME"	null	null	null	0	0	0	null	null	null	null	null	null	null	null	null	null	null	null	null	null	null	null	null	null	null	null	null	null	null	null	null	null	null	null	2024	null	null	null
