game_id	pfr_game_id	season	game_type	week	player	pfr_player_id	position	team	opponent	offense_snaps	offense_pct	defense_snaps	defense_pct	st_snaps	st_pct
"2024_04_SEA_DET"	"202409300det"	2024	"REG"	4	"Kayode Awosika"	"AwosKa00"	"T"	"DET"	"SEA"	53	1	0	0	6	0.21
"2024_04_SEA_DET"	"202409300det"	2024	"REG"	4	"Kevin Zeitler"	"ZeitKe00"	"G"	"DET"	"SEA"	53	1	0	0	6	0.21
"2024_04_SEA_DET"	"202409300det"	2024	"REG"	4	"Graham Glasgow"	"GlasGr00"	"G"	"DET"	"SEA"	53	1	0	0	6	0.21
"2024_04_SEA_DET"	"202409300det"	2024	"REG"	4	"Penei Sewell"	"SewePe00"	"T"	"DET"	"SEA"	53	1	0	0	6	0.21
"2024_04_SEA_DET"	"202409300det"	2024	"REG"	4	"Taylor Decker"	"DeckTa00"	"T"	"DET"	"SEA"	53	1	0	0	0	0
"2024_04_SEA_DET"	"202409300det"	2024	"REG"	4	"Jared Goff"	"GoffJa00"	"QB"	"DET"	"SEA"	53	1	0	0	0	0
"2024_04_SEA_DET"	"202409300det"	2024	"REG"	4	"Jameson Williams"	"WillJa11"	"WR"	"DET"	"SEA"	51	0.96	0	0	0	0
"2024_04_SEA_DET"	"202409300det"	2024	"REG"	4	"Sam LaPorta"	"LaPoSa01"	"TE"	"DET"	"SEA"	47	0.89	0	0	0	0
"2024_04_SEA_DET"	"202409300det"	2024	"REG"	4	"Amon-Ra St. Brown"	"StxxAm00"	"WR"	"DET"	"SEA"	47	0.89	0	0	0	0
"2024_04_SEA_DET"	"202409300det"	2024	"REG"	4	"Jahmyr Gibbs"	"GibbJa01"	"RB"	"DET"	"SEA"	30	0.57	0	0	0	0
"2024_04_SEA_DET"	"202409300det"	2024	"REG"	4	"Brock Wright"	"WrigBr01"	"TE"	"DET"	"SEA"	29	0.55	0	0	6	0.21
"2024_04_SEA_DET"	"202409300det"	2024	"REG"	4	"Tim Patrick"	"PatrTi00"	"WR"	"DET"	"SEA"	21	0.4	0	0	0	0
"2024_04_SEA_DET"	"202409300det"	2024	"REG"	4	"David Montgomery"	"MontDa01"	"RB"	"DET"	"SEA"	21	0.4	0	0	0	0
"2024_04_SEA_DET"	"202409300det"	2024	"REG"	4	"Parker Hesse"	"HessPa00"	"TE"	"DET"	"SEA"	7	0.13	0	0	11	0.38
"2024_04_SEA_DET"	"202409300det"	2024	"REG"	4	"Kalif Raymond"	"RaymKa00"	"WR"	"DET"	"SEA"	6	0.11	0	0	8	0.28
"2024_04_SEA_DET"	"202409300det"	2024	"REG"	4	"Dan Skipper"	"SkipDa00"	"T"	"DET"	"SEA"	4	0.08	0	0	6	0.21
"2024_04_SEA_DET"	"202409300det"	2024	"REG"	4	"Craig Reynolds"	"ReynCr00"	"RB"	"DET"	"SEA"	2	0.04	0	0	19	0.66
"2024_04_SEA_DET"	"202409300det"	2024	"REG"	4	"Alex Anzalone"	"AnzaAl00"	"LB"	"DET"	"SEA"	0	0	90	1	0	0
"2024_04_SEA_DET"	"202409300det"	2024	"REG"	4	"Kerby Joseph"	"JoseKe03"	"FS"	"DET"	"SEA"	0	0	89	0.99	12	0.41
"2024_04_SEA_DET"	"202409300det"	2024	"REG"	4	"Brandon Joseph"	"JoseBr00"	"SS"	"DET"	"SEA"	0	0	89	0.99	0	0
"2024_04_SEA_DET"	"202409300det"	2024	"REG"	4	"Carlton Davis"	"DaviCa02"	"CB"	"DET"	"SEA"	0	0	88	0.98	0	0
"2024_04_SEA_DET"	"202409300det"	2024	"REG"	4	"Terrion Arnold"	"ArnoTe00"	"CB"	"DET"	"SEA"	0	0	84	0.93	0	0
"2024_04_SEA_DET"	"202409300det"	2024	"REG"	4	"Aidan Hutchinson"	"HutcAi00"	"DE"	"DET"	"SEA"	0	0	78	0.87	0	0
"2024_04_SEA_DET"	"202409300det"	2024	"REG"	4	"Alim McNeill"	"McNeAl00"	"DT"	"DET"	"SEA"	0	0	63	0.7	4	0.14
"2024_04_SEA_DET"	"202409300det"	2024	"REG"	4	"Jack Campbell"	"CampJa04"	"LB"	"DET"	"SEA"	0	0	61	0.68	3	0.1
"2024_04_SEA_DET"	"202409300det"	2024	"REG"	4	"Levi Onwuzurike"	"OnwuLe00"	"DE"	"DET"	"SEA"	0	0	56	0.62	4	0.14
"2024_04_SEA_DET"	"202409300det"	2024	"REG"	4	"Josh Paschal"	"PascJo00"	"DE"	"DET"	"SEA"	0	0	53	0.59	0	0
"2024_04_SEA_DET"	"202409300det"	2024	"REG"	4	"Amik Robertson"	"RobeAm00"	"CB"	"DET"	"SEA"	0	0	52	0.58	0	0
"2024_04_SEA_DET"	"202409300det"	2024	"REG"	4	"D.J. Reader"	"ReadD.00"	"NT"	"DET"	"SEA"	0	0	37	0.41	0	0
"2024_04_SEA_DET"	"202409300det"	2024	"REG"	4	"Malcolm Rodriguez"	"RodrMa00"	"LB"	"DET"	"SEA"	0	0	31	0.34	23	0.79
"2024_04_SEA_DET"	"202409300det"	2024	"REG"	4	"Mekhi Wingo"	"WingMe00"	"DT"	"DET"	"SEA"	0	0	26	0.29	4	0.14
"2024_04_SEA_DET"	"202409300det"	2024	"REG"	4	"Kyle Peko"	"PekoKy00"	"DT"	"DET"	"SEA"	0	0	25	0.28	4	0.14
"2024_04_SEA_DET"	"202409300det"	2024	"REG"	4	"Ben Niemann"	"NiemBe00"	"LB"	"DET"	"SEA"	0	0	23	0.26	19	0.66
"2024_04_SEA_DET"	"202409300det"	2024	"REG"	4	"Jalen Reeves-Maybin"	"ReevJa00"	"LB"	"DET"	"SEA"	0	0	18	0.2	23	0.79
"2024_04_SEA_DET"	"202409300det"	2024	"REG"	4	"James Houston"	"HousJa01"	"DE"	"DET"	"SEA"	0	0	14	0.16	0	0
"2024_04_SEA_DET"	"202409300det"	2024	"REG"	4	"Trevor Nowaske"	"NowaTr00"	"LB"	"DET"	"SEA"	0	0	8	0.09	23	0.79
"2024_04_SEA_DET"	"202409300det"	2024	"REG"	4	"Kindle Vildor"	"VildKi00"	"CB"	"DET"	"SEA"	0	0	5	0.06	18	0.62
"2024_04_SEA_DET"	"202409300det"	2024	"REG"	4	"Ennis Rakestraw"	"RakeEn00"	"CB"	"DET"	"SEA"	0	0	1	0.01	8	0.28
"2024_04_SEA_DET"	"202409300det"	2024	"REG"	4	"Khalil Dorsey"	"DorsKh00"	"CB"	"DET"	"SEA"	0	0	0	0	23	0.79
"2024_04_SEA_DET"	"202409300det"	2024	"REG"	4	"Loren Strickland"	"StriLo00"	"SS"	"DET"	"SEA"	0	0	0	0	20	0.69
"2024_04_SEA_DET"	"202409300det"	2024	"REG"	4	"Sione Vaki"	"VakiSi00"	"RB"	"DET"	"SEA"	0	0	0	0	19	0.66
"2024_04_SEA_DET"	"202409300det"	2024	"REG"	4	"Jake Bates"	"BateJa00"	"K"	"DET"	"SEA"	0	0	0	0	14	0.48
"2024_04_SEA_DET"	"202409300det"	2024	"REG"	4	"Hogan Hatten"	"HattHo00"	"LS"	"DET"	"SEA"	0	0	0	0	9	0.31
"2024_04_SEA_DET"	"202409300det"	2024	"REG"	4	"Jack Fox"	"FoxxJa01"	"P"	"DET"	"SEA"	0	0	0	0	9	0.31
"2024_04_SEA_DET"	"202409300det"	2024	"REG"	4	"Michael Niese"	"NiesMi00"	"T"	"DET"	"SEA"	0	0	0	0	6	0.21
"2024_04_SEA_DET"	"202409300det"	2024	"REG"	4	"Laken Tomlinson"	"TomlLa01"	"G"	"SEA"	"DET"	90	1	0	0	4	0.14
"2024_04_SEA_DET"	"202409300det"	2024	"REG"	4	"Charles Cross"	"CrosCh00"	"T"	"SEA"	"DET"	90	1	0	0	4	0.14
"2024_04_SEA_DET"	"202409300det"	2024	"REG"	4	"Stone Forsythe"	"ForsSt00"	"T"	"SEA"	"DET"	90	1	0	0	4	0.14
"2024_04_SEA_DET"	"202409300det"	2024	"REG"	4	"Connor Williams"	"WillCo00"	"C"	"SEA"	"DET"	90	1	0	0	0	0
"2024_04_SEA_DET"	"202409300det"	2024	"REG"	4	"Geno Smith"	"SmitGe00"	"QB"	"SEA"	"DET"	90	1	0	0	0	0
"2024_04_SEA_DET"	"202409300det"	2024	"REG"	4	"Jaxon Smith-Njigba"	"SmitJa06"	"WR"	"SEA"	"DET"	76	0.84	0	0	0	0
"2024_04_SEA_DET"	"202409300det"	2024	"REG"	4	"D.K. Metcalf"	"MetcDK00"	"WR"	"SEA"	"DET"	74	0.82	0	0	0	0
"2024_04_SEA_DET"	"202409300det"	2024	"REG"	4	"Tyler Lockett"	"LockTy00"	"WR"	"SEA"	"DET"	64	0.71	0	0	0	0
"2024_04_SEA_DET"	"202409300det"	2024	"REG"	4	"Anthony Bradford"	"BradAn00"	"G"	"SEA"	"DET"	54	0.6	0	0	4	0.14
"2024_04_SEA_DET"	"202409300det"	2024	"REG"	4	"Kenneth Walker III"	"WalkKe00"	"RB"	"SEA"	"DET"	53	0.59	0	0	0	0
"2024_04_SEA_DET"	"202409300det"	2024	"REG"	4	"Noah Fant"	"FantNo00"	"TE"	"SEA"	"DET"	51	0.57	0	0	0	0
"2024_04_SEA_DET"	"202409300det"	2024	"REG"	4	"Zach Charbonnet"	"CharZa00"	"RB"	"SEA"	"DET"	38	0.42	0	0	3	0.1
"2024_04_SEA_DET"	"202409300det"	2024	"REG"	4	"Christian Haynes"	"HaynCh00"	"G"	"SEA"	"DET"	36	0.4	0	0	4	0.14
"2024_04_SEA_DET"	"202409300det"	2024	"REG"	4	"AJ Barner"	"BarnAJ00"	"TE"	"SEA"	"DET"	35	0.39	0	0	4	0.14
"2024_04_SEA_DET"	"202409300det"	2024	"REG"	4	"Pharaoh Brown"	"BrowPh01"	"TE"	"SEA"	"DET"	28	0.31	0	0	14	0.48
"2024_04_SEA_DET"	"202409300det"	2024	"REG"	4	"Jake Bobo"	"BoboJa00"	"WR"	"SEA"	"DET"	27	0.3	0	0	16	0.55
"2024_04_SEA_DET"	"202409300det"	2024	"REG"	4	"Brady Russell"	"RussBr00"	"TE"	"SEA"	"DET"	3	0.03	0	0	19	0.66
"2024_04_SEA_DET"	"202409300det"	2024	"REG"	4	"Laviska Shenault Jr."	"ShenLa00"	"WR"	"SEA"	"DET"	1	0.01	0	0	17	0.59
"2024_04_SEA_DET"	"202409300det"	2024	"REG"	4	"Tyrel Dodson"	"DodsTy01"	"LB"	"SEA"	"DET"	0	0	53	1	6	0.21
"2024_04_SEA_DET"	"202409300det"	2024	"REG"	4	"Rayshawn Jenkins"	"JenkRa00"	"SS"	"SEA"	"DET"	0	0	53	1	6	0.21
"2024_04_SEA_DET"	"202409300det"	2024	"REG"	4	"Riq Woolen"	"WoolTa00"	"CB"	"SEA"	"DET"	0	0	52	0.98	6	0.21
"2024_04_SEA_DET"	"202409300det"	2024	"REG"	4	"Devon Witherspoon"	"WithDe00"	"CB"	"SEA"	"DET"	0	0	52	0.98	6	0.21
"2024_04_SEA_DET"	"202409300det"	2024	"REG"	4	"Derick Hall"	"HallDe04"	"LB"	"SEA"	"DET"	0	0	43	0.81	0	0
"2024_04_SEA_DET"	"202409300det"	2024	"REG"	4	"Dre'Mont Jones"	"JoneDr00"	"DE"	"SEA"	"DET"	0	0	42	0.79	6	0.21
"2024_04_SEA_DET"	"202409300det"	2024	"REG"	4	"Johnathan Hankins"	"HankJo00"	"DT"	"SEA"	"DET"	0	0	41	0.77	6	0.21
"2024_04_SEA_DET"	"202409300det"	2024	"REG"	4	"Jarran Reed"	"ReedJa02"	"NT"	"SEA"	"DET"	0	0	40	0.76	6	0.21
"2024_04_SEA_DET"	"202409300det"	2024	"REG"	4	"Tyrice Knight"	"KnigTy00"	"LB"	"SEA"	"DET"	0	0	39	0.74	0	0
"2024_04_SEA_DET"	"202409300det"	2024	"REG"	4	"Julian Love"	"LoveJu00"	"SS"	"SEA"	"DET"	0	0	29	0.55	3	0.1
"2024_04_SEA_DET"	"202409300det"	2024	"REG"	4	"Tyus Bowser"	"BowsTy00"	"LB"	"SEA"	"DET"	0	0	26	0.49	5	0.17
"2024_04_SEA_DET"	"202409300det"	2024	"REG"	4	"Tre Brown"	"BrowTr03"	"CB"	"SEA"	"DET"	0	0	23	0.43	4	0.14
"2024_04_SEA_DET"	"202409300det"	2024	"REG"	4	"Myles Adams"	"AdamMy00"	"DE"	"SEA"	"DET"	0	0	20	0.38	7	0.24
"2024_04_SEA_DET"	"202409300det"	2024	"REG"	4	"Coby Bryant"	"BryaCo01"	"CB"	"SEA"	"DET"	0	0	19	0.36	19	0.66
"2024_04_SEA_DET"	"202409300det"	2024	"REG"	4	"K'Von Wallace"	"WallKV00"	"FS"	"SEA"	"DET"	0	0	12	0.23	16	0.55
"2024_04_SEA_DET"	"202409300det"	2024	"REG"	4	"Trevis Gipson"	"GipsTr00"	"LB"	"SEA"	"DET"	0	0	12	0.23	10	0.34
"2024_04_SEA_DET"	"202409300det"	2024	"REG"	4	"Mike Morris"	"MorrMi00"	"DE"	"SEA"	"DET"	0	0	10	0.19	17	0.59
"2024_04_SEA_DET"	"202409300det"	2024	"REG"	4	"Drake Thomas"	"ThomDr00"	"LB"	"SEA"	"DET"	0	0	9	0.17	25	0.86
"2024_04_SEA_DET"	"202409300det"	2024	"REG"	4	"Quinton Bohanna"	"BohaQu00"	"DT"	"SEA"	"DET"	0	0	7	0.13	0	0
"2024_04_SEA_DET"	"202409300det"	2024	"REG"	4	"Kenny McIntosh"	"McInKe00"	"RB"	"SEA"	"DET"	0	0	0	0	16	0.55
"2024_04_SEA_DET"	"202409300det"	2024	"REG"	4	"Dareke Young"	"YounDa02"	"WR"	"SEA"	"DET"	0	0	0	0	13	0.45
"2024_04_SEA_DET"	"202409300det"	2024	"REG"	4	"Dee Williams"	"WillDe11"	"WR"	"SEA"	"DET"	0	0	0	0	11	0.38
"2024_04_SEA_DET"	"202409300det"	2024	"REG"	4	"Jason Myers"	"MyerJa00"	"K"	"SEA"	"DET"	0	0	0	0	9	0.31
"2024_04_SEA_DET"	"202409300det"	2024	"REG"	4	"Jalen Sundell"	"SundJa00"	"T"	"SEA"	"DET"	0	0	0	0	8	0.28
"2024_04_SEA_DET"	"202409300det"	2024	"REG"	4	"Chris Stoll"	"StolCh00"	"LS"	"SEA"	"DET"	0	0	0	0	7	0.24
"2024_04_SEA_DET"	"202409300det"	2024	"REG"	4	"Michael Dickson"	"DickMi00"	"P"	"SEA"	"DET"	0	0	0	0	7	0.24
"2024_04_SEA_DET"	"202409300det"	2024	"REG"	4	"McClendon Curtis"	"CurtMc00"	"G"	"SEA"	"DET"	0	0	0	0	4	0.14
"2024_04_SEA_DET"	"202409300det"	2024	"REG"	4	"Nehemiah Pritchett"	"PritNe00"	"CB"	"SEA"	"DET"	0	0	0	0	3	0.1
