season	club_code	week	game_type	depth_team	last_name	first_name	football_name	formation	gsis_id	jersey_number	position	elias_id	depth_position	full_name
2023	"BUF"	9	"REG"	"1"	"Williams"	"Dorian"	"Dorian"	"Defense"	"00-0038557"	"42"	"MLB"	"WIL243940"	"WLB"	"Dorian Williams"
2023	"BUF"	9	"REG"	"2"	"Klein"	"Aaron"	"A.J."	"Defense"	"00-0030463"	"52"	"OLB"	"KLE216860"	"MLB"	"A.J. Klein"
2023	"BUF"	9	"REG"	"3"	"Matakevich"	"Tyler"	"Tyler"	"Defense"	"00-0032366"	"44"	"MLB"	"MAT026118"	"MLB"	"Tyler Matakevich"
2023	"BUF"	9	"REG"	"2"	"Lewis"	"Cameron"	"Cameron"	"Defense"	"00-0035357"	"39"	"CB"	"LEW089606"	"NCB"	"Cameron Lewis"
2023	"BUF"	9	"REG"	"2"	"Rapp"	"Taylor"	"Taylor"	"Defense"	"00-0035663"	"9"	"SS"	"RAP505098"	"S"	"Taylor Rapp"
2023	"BUF"	9	"REG"	"2"	"Lewis"	"Cameron"	"Cameron"	"Defense"	"00-0035357"	"39"	"CB"	"LEW089606"	"S"	"Cameron Lewis"
2023	"BUF"	9	"REG"	"1"	"Bass"	"Tyler"	"Tyler"	"Special Teams"	"00-0036162"	"2"	"K"	"BAS555802"	"K"	"Tyler Bass"
2023	"BUF"	9	"REG"	"2"	"Shakir"	"Khalil"	"Khalil"	"Special Teams"	"00-0037261"	"10"	"WR"	"SHA107427"	"PR"	"Khalil Shakir"
2023	"BUF"	9	"REG"	"1"	"Dawkins"	"Dion"	"Dion"	"Offense"	"00-0033904"	"73"	"T"	"DAW056236"	"LT"	"Dion Dawkins"
2023	"BUF"	9	"REG"	"2"	"Van Demark"	"Ryan"	"Ryan"	"Offense"	"00-0037404"	"74"	"T"	"VAN358786"	"LT"	"Ryan Van Demark"
2023	"BUF"	9	"REG"	"1"	"Morse"	"Mitchell"	"Mitch"	"Offense"	"00-0031936"	"65"	"C"	"MOR734298"	"C"	"Mitch Morse"
2023	"BUF"	9	"REG"	"1"	"Brown"	"Spencer"	"Spencer"	"Offense"	"00-0036976"	"79"	"T"	"BRO690310"	"RT"	"Spencer Brown"
2023	"BUF"	9	"REG"	"2"	"Allen"	"Kyle"	"Kyle"	"Offense"	"00-0034577"	"4"	"QB"	"ALL543234"	"QB"	"Kyle Allen"
2023	"BUF"	9	"REG"	"3"	"Johnson"	"Ty"	"Ty"	"Offense"	"00-0035537"	"26"	"RB"	"JOH000019"	"RB"	"Ty Johnson"
2023	"BUF"	9	"REG"	"1"	"Diggs"	"Stefon"	"Stefon"	"Offense"	"00-0031588"	"1"	"WR"	"DIG218895"	"WR"	"Stefon Diggs"
2023	"BUF"	9	"REG"	"2"	"Sherfield"	"Trent"	"Trent"	"Offense"	"00-0034487"	"11"	"WR"	"SHE566024"	"WR"	"Trent Sherfield"
2023	"BUF"	9	"REG"	"1"	"Phillips"	"Jordan"	"Jordan"	"Defense"	"00-0031557"	"99"	"DT"	"PHI386190"	"DT"	"Jordan Phillips"
2023	"BUF"	9	"REG"	"2"	"Settle"	"Timothy"	"Tim"	"Defense"	"00-0034397"	"98"	"DT"	"SET509598"	"DT"	"Tim Settle"
2023	"BUF"	9	"REG"	"1"	"Miller"	"Vonnie"	"Von"	"Defense"	"00-0027940"	"40"	"OLB"	"MIL597654"	"EDGE"	"Von Miller"
2023	"BUF"	9	"REG"	"3"	"Spector"	"Baylon"	"Baylon"	"Defense"	"00-0037318"	"54"	"OLB"	"SPE159114"	"WLB"	"Baylon Spector"
2023	"BUF"	9	"REG"	"1"	"Hyde"	"Micah"	"Micah"	"Defense"	"00-0030090"	"23"	"FS"	"HYD422041"	"S"	"Micah Hyde"
2023	"BUF"	9	"REG"	"1"	"Martin"	"Sam"	"Sam"	"Special Teams"	"00-0030092"	"8"	"P"	"MAR720548"	"P"	"Sam Martin"
2023	"BUF"	9	"REG"	"1"	"Martin"	"Sam"	"Sam"	"Special Teams"	"00-0030092"	"8"	"P"	"MAR720548"	"H"	"Sam Martin"
2023	"BUF"	9	"REG"	"1"	"Johnson"	"Ty"	"Ty"	"Special Teams"	"00-0035537"	"26"	"RB"	"JOH000019"	"KR"	"Ty Johnson"
2023	"BUF"	9	"REG"	"2"	"Shakir"	"Khalil"	"Khalil"	"Offense"	"00-0037261"	"10"	"WR"	"SHA107427"	"WR"	"Khalil Shakir"
2023	"BUF"	9	"REG"	"3"	"Lawson"	"Shaq"	"Shaq"	"Defense"	"00-0033096"	"90"	"DE"	"LAW783964"	"EDGE"	"Shaq Lawson"
2023	"BUF"	9	"REG"	"2"	"Shakir"	"Khalil"	"Khalil"	"Special Teams"	"00-0037261"	"10"	"WR"	"SHA107427"	"KR"	"Khalil Shakir"
2023	"BUF"	9	"REG"	"1"	"Davis"	"Gabriel"	"Gabe"	"Offense"	"00-0036196"	"0"	"WR"	"DAV329675"	"WR"	"Gabe Davis"
2023	"BUF"	9	"REG"	"2"	"Bates"	"Ryan"	"Ryan"	"Offense"	"00-0035382"	"71"	"C"	"BAT139733"	"C"	"Ryan Bates"
2023	"BUF"	9	"REG"	"2"	"Ifedi"	"Germain"	"Germain"	"Offense"	"00-0032384"	"65"	"G"	"IFE136317"	"RT"	"Germain Ifedi"
2023	"BUF"	9	"REG"	"2"	"Morris"	"Quintin"	"Quintin"	"Offense"	"00-0036590"	"85"	"TE"	"MOR489431"	"TE"	"Quintin Morris"
2023	"BUF"	9	"REG"	"1"	"Harty"	"Deonte"	"Deonte"	"Offense"	"00-0035215"	"11"	"WR"	"HAR363871"	"WR"	"Deonte Harty"
2023	"BUF"	9	"REG"	"3"	"Jonathan"	"Kingsley"	"Kingsley"	"Defense"	"00-0037431"	"59"	"DE"	"JON024084"	"EDGE"	"Kingsley Jonathan"
2023	"BUF"	9	"REG"	"1"	"Oliver"	"Ed"	"Ed"	"Defense"	"00-0035230"	"91"	"DT"	"OLI290385"	"DT"	"Ed Oliver"
2023	"BUF"	9	"REG"	"2"	"Floyd"	"Leonard"	"Leonard"	"Defense"	"00-0033072"	"56"	"DE"	"FLO758060"	"EDGE"	"Leonard Floyd"
2023	"BUF"	9	"REG"	"2"	"Dodson"	"Tyrel"	"Tyrel"	"Defense"	"00-0035352"	"0"	"MLB"	"DOD341460"	"WLB"	"Tyrel Dodson"
2023	"BUF"	9	"REG"	"1"	"Bernard"	"Terrel"	"Terrel"	"Defense"	"00-0037254"	"43"	"MLB"	"BER236424"	"MLB"	"Terrel Bernard"
2023	"BUF"	9	"REG"	"1"	"Johnson"	"Taron"	"Taron"	"Defense"	"00-0034376"	"7"	"CB"	"JOH676640"	"NCB"	"Taron Johnson"
2023	"BUF"	9	"REG"	"3"	"Neal"	"Siran"	"Siran"	"Defense"	"00-0034391"	"33"	"CB"	"NEA475848"	"NCB"	"Siran Neal"
2023	"BUF"	9	"REG"	"1"	"Jackson"	"Dane"	"Dane"	"Defense"	"00-0036166"	"23"	"CB"	"JAC118718"	"CB"	"Dane Jackson"
2023	"BUF"	9	"REG"	"1"	"Ferguson"	"Chandler"	"Reid"	"Special Teams"	"00-0032497"	"69"	"LS"	"FER300870"	"LS"	"Reid Ferguson"
2023	"BUF"	9	"REG"	"1"	"Harty"	"Deonte"	"Deonte"	"Special Teams"	"00-0035215"	"11"	"WR"	"HAR363871"	"PR"	"Deonte Harty"
2023	"BUF"	9	"REG"	"1"	"McGovern"	"Connor"	"Connor"	"Offense"	"00-0035679"	"66"	"G"	"MCG417420"	"LG"	"Connor McGovern"
2023	"BUF"	9	"REG"	"2"	"Murray"	"Latavius"	"Latavius"	"Offense"	"00-0030513"	"28"	"RB"	"MUR671046"	"RB"	"Latavius Murray"
2023	"BUF"	9	"REG"	"1"	"Gilliam"	"Reggie"	"Reggie"	"Offense"	"00-0036187"	"41"	"FB"	"GIL562234"	"FB"	"Reggie Gilliam"
2023	"BUF"	9	"REG"	"1"	"Rousseau"	"Gregory"	"Gregory"	"Defense"	"00-0036914"	"50"	"DE"	"ROU617685"	"EDGE"	"Gregory Rousseau"
2023	"BUF"	9	"REG"	"2"	"Epenesa"	"Andrew"	"A.J."	"Defense"	"00-0036192"	"57"	"DE"	"EPE415291"	"EDGE"	"A.J. Epenesa"
2023	"BUF"	9	"REG"	"2"	"Ford"	"Kaylon"	"Poona"	"Defense"	"00-0034234"	"95"	"DE"	"FOR313563"	"DT"	"Poona Ford"
2023	"BUF"	9	"REG"	"2"	"Elam"	"Kaiir"	"Kaiir"	"Defense"	"00-0037242"	"5"	"CB"	"ELA550002"	"CB"	"Kaiir Elam"
2023	"BUF"	9	"REG"	"1"	"Benford"	"Christian"	"Christian"	"Defense"	"00-0037288"	"47"	"CB"	"BEN036336"	"CB"	"Christian Benford"
2023	"BUF"	9	"REG"	"1"	"Poyer"	"Jordan"	"Jordan"	"Defense"	"00-0030114"	"21"	"SS"	"POY177981"	"S"	"Jordan Poyer"
2023	"BUF"	9	"REG"	"3"	"Hamlin"	"Damar"	"Damar"	"Defense"	"00-0036888"	"3"	"SS"	"HAM401130"	"S"	"Damar Hamlin"
2023	"BUF"	9	"REG"	"2"	"Edwards"	"David"	"David"	"Offense"	"00-0035668"	"76"	"G"	"EDW337483"	"LG"	"David Edwards"
2023	"BUF"	9	"REG"	"1"	"Torrence"	"O'Cyrus"	"O'Cyrus"	"Offense"	"00-0038548"	"64"	"G"	"TOR694111"	"RG"	"O'Cyrus Torrence"
2023	"BUF"	9	"REG"	"2"	"Anderson"	"Alec"	"Alec"	"Offense"	"00-0037428"	"70"	"T"	"AND037350"	"RG"	"Alec Anderson"
2023	"BUF"	9	"REG"	"1"	"Kincaid"	"Dalton"	"Dalton"	"Offense"	"00-0038933"	"86"	"TE"	"KIN069130"	"TE"	"Dalton Kincaid"
2023	"BUF"	9	"REG"	"1"	"Allen"	"Joshua"	"Josh"	"Offense"	"00-0034857"	"17"	"QB"	"ALL529264"	"QB"	"Josh Allen"
2023	"BUF"	9	"REG"	"1"	"Cook"	"James"	"James"	"Offense"	"00-0037248"	"4"	"RB"	"COO151970"	"RB"	"James Cook"
2023	"CIN"	9	"REG"	"1"	"Mixon"	"Joe"	"Joe"	"Offense"	"00-0033897"	"28"	"RB"	"MIX564388"	"HB"	"Joe Mixon"
2023	"CIN"	9	"REG"	"2"	"Hill"	"Trey"	"Trey"	"Offense"	"00-0036856"	"63"	"C"	"HIL623828"	"C"	"Trey Hill"
2023	"CIN"	9	"REG"	"2"	"Browning"	"Jake"	"Jake"	"Offense"	"00-0035100"	"6"	"QB"	"BRO817047"	"QB"	"Jake Browning"
2023	"CIN"	9	"REG"	"3"	"Evans"	"Chris"	"Chris"	"Offense"	"00-0036857"	"25"	"RB"	"EVA105967"	"HB"	"Chris Evans"
2023	"CIN"	9	"REG"	"1"	"Reader"	"David"	"D.J."	"Defense"	"00-0032424"	"98"	"NT"	"REA148116"	"NT"	"D.J. Reader"
2023	"CIN"	9	"REG"	"1"	"Hendrickson"	"Collins"	"Trey"	"Defense"	"00-0033935"	"91"	"DE"	"HEN324452"	"RDE"	"Trey Hendrickson"
2023	"CIN"	9	"REG"	"1"	"Scott"	"Nicholas"	"Nick"	"Defense"	"00-0035669"	"21"	"SS"	"SCO524293"	"S"	"Nick Scott"
2023	"CIN"	9	"REG"	"1"	"Brown"	"Orlando"	"Orlando"	"Offense"	"00-0034752"	"75"	"T"	"BRO570664"	"LOT"	"Orlando Brown"
2023	"CIN"	9	"REG"	"1"	"Karras"	"Ted"	"Ted"	"Offense"	"00-0032445"	"64"	"C"	"KAR582765"	"C"	"Ted Karras"
2023	"CIN"	9	"REG"	"1"	"Cappa"	"Alexander"	"Alex"	"Offense"	"00-0034678"	"65"	"G"	"CAP370596"	"RG"	"Alex Cappa"
2023	"CIN"	9	"REG"	"1"	"Boyd"	"Tyler"	"Tyler"	"Offense"	"00-0033009"	"83"	"WR"	"BOY378353"	"WR"	"Tyler Boyd"
2023	"CIN"	9	"REG"	"1"	"Higgins"	"Tamaurice"	"Tee"	"Offense"	"00-0036410"	"5"	"WR"	"HIG387791"	"WR"	"Tee Higgins"
2023	"CIN"	9	"REG"	"2"	"Irwin"	"Trenton"	"Trenton"	"Offense"	"00-0035341"	"16"	"WR"	"IRW629310"	"WR"	"Trenton Irwin"
2023	"CIN"	9	"REG"	"1"	"Volson"	"Cordell"	"Cordell"	"Offense"	"00-0038095"	"67"	"G"	"VOL525986"	"LG"	"Cordell Volson"
2023	"CIN"	9	"REG"	"1"	"Williams"	"Jonah"	"Jonah"	"Offense"	"00-0035629"	"73"	"T"	"WIL132676"	"ROT"	"Jonah Williams"
2023	"CIN"	9	"REG"	"1"	"Smith"	"Irvin"	"Irv"	"Offense"	"00-0034970"	"82"	"TE"	"SMI000018"	"TE"	"Irv Smith"
2023	"CIN"	9	"REG"	"1"	"Burrow"	"Joe"	"Joe"	"Offense"	"00-0036442"	"9"	"QB"	"BUR679731"	"QB"	"Joe Burrow"
2023	"CIN"	9	"REG"	"2"	"Ford"	"Cody"	"Cody"	"Offense"	"00-0035238"	"61"	"G"	"FOR076987"	"LG"	"Cody Ford"
2023	"CIN"	9	"REG"	"2"	"Scharping"	"Max"	"Max"	"Offense"	"00-0035245"	"74"	"G"	"SCH083616"	"RG"	"Max Scharping"
2023	"CIN"	9	"REG"	"2"	"Carman"	"Jackson"	"Jackson"	"Offense"	"00-0036865"	"79"	"T"	"CAR198645"	"ROT"	"Jackson Carman"
2023	"CIN"	9	"REG"	"2"	"Williams"	"Trayveon"	"Trayveon"	"Offense"	"00-0035291"	"32"	"RB"	"WIL185325"	"HB"	"Trayveon Williams"
2023	"CIN"	9	"REG"	"3"	"Wilcox"	"Mitchell"	"Mitchell"	"Offense"	"00-0035771"	"84"	"TE"	"WIL034935"	"TE"	"Mitchell Wilcox"
2023	"CIN"	9	"REG"	"1"	"Hubbard"	"Samuel"	"Sam"	"Defense"	"00-0034834"	"94"	"DE"	"HUB387605"	"LDE"	"Sam Hubbard"
2023	"CIN"	9	"REG"	"1"	"Hill"	"Bobby"	"B.J."	"Defense"	"00-0034800"	"92"	"DT"	"HIL096836"	"DT"	"B.J. Hill"
2023	"CIN"	9	"REG"	"1"	"Pratt"	"Germaine"	"Germaine"	"Defense"	"00-0035697"	"57"	"OLB"	"PRA635713"	"LB"	"Germaine Pratt"
2023	"CIN"	9	"REG"	"1"	"Hilton"	"Michael"	"Mike"	"Defense"	"00-0032521"	"21"	"CB"	"HIL796239"	"NCB"	"Mike Hilton"
2023	"CIN"	9	"REG"	"1"	"Hill"	"Daxton"	"Dax"	"Defense"	"00-0037743"	"23"	"FS"	"HIL164994"	"S"	"Dax Hill"
2023	"CIN"	9	"REG"	"2"	"Bailey"	"Markus"	"Markus"	"Defense"	"00-0036314"	"51"	"ILB"	"BAI557328"	"LB"	"Markus Bailey"
2023	"CIN"	9	"REG"	"2"	"Davis"	"Jalen"	"Jalen"	"Defense"	"00-0034446"	"35"	"CB"	"DAV420337"	"NCB"	"Jalen Davis"
2023	"CIN"	9	"REG"	"2"	"Anderson"	"Tycen"	"Tycen"	"Defense"	"00-0037752"	"26"	"SS"	"AND524004"	"S"	"Tycen Anderson"
2023	"CIN"	9	"REG"	"3"	"Tufele"	"Jay"	"Jay"	"Defense"	"00-0036881"	"97"	"NT"	"TUF103822"	"NT"	"Jay Tufele"
2023	"CIN"	9	"REG"	"1"	"McPherson"	"Evan"	"Evan"	"Special Teams"	"00-0036854"	"2"	"K"	"MCP571021"	"K"	"Evan McPherson"
2023	"CIN"	9	"REG"	"2"	"Williams"	"Trayveon"	"Trayveon"	"Special Teams"	"00-0035291"	"32"	"RB"	"WIL185325"	"KR"	"Trayveon Williams"
2023	"CIN"	9	"REG"	"2"	"Sample"	"Cameron"	"Cam"	"Defense"	"00-0036850"	"96"	"DE"	"SAM062951"	"LDE"	"Cam Sample"
2023	"CIN"	9	"REG"	"2"	"Battle"	"Jordan"	"Jordan"	"Defense"	"00-0038560"	"27"	"SS"	"BAT472711"	"S"	"Jordan Battle"
2023	"CIN"	9	"REG"	"1"	"Evans"	"Chris"	"Chris"	"Special Teams"	"00-0036857"	"25"	"RB"	"EVA105967"	"KR"	"Chris Evans"
2023	"CIN"	9	"REG"	"2"	"Smith"	"D'Ante"	"D'Ante"	"Offense"	"00-0036852"	"70"	"T"	"SMI158485"	"LOT"	"D'Ante Smith"
2023	"CIN"	9	"REG"	"2"	"Irwin"	"Trenton"	"Trenton"	"Offense"	"00-0035341"	"16"	"WR"	"IRW629310"	"WR"	"Trenton Irwin"
2023	"CIN"	9	"REG"	"2"	"Iosivas"	"Andrei"	"Andrei"	"Offense"	"00-0038619"	"80"	"WR"	"IOS307886"	"WR"	"Andrei Iosivas"
2023	"CIN"	9	"REG"	"1"	"Wilson"	"Logan"	"Logan"	"Defense"	"00-0036294"	"55"	"ILB"	"WIL747370"	"LB"	"Logan Wilson"
2023	"CIN"	9	"REG"	"1"	"Awuzie"	"Chidobe"	"Chidobe"	"Defense"	"00-0033548"	"13"	"CB"	"AWU800920"	"CB"	"Chidobe Awuzie"
2023	"CIN"	9	"REG"	"2"	"Ossai"	"Joseph"	"Joseph"	"Defense"	"00-0036902"	"58"	"DE"	"OSS029663"	"RDE"	"Joseph Ossai"
2023	"CIN"	9	"REG"	"2"	"Ivey"	"D.J."	"D.J."	"Defense"	"00-0038642"	"38"	"CB"	"IVE629691"	"CB"	"D.J. Ivey"
2023	"CIN"	9	"REG"	"2"	"Turner"	"Juandrago"	"D.J."	"Defense"	"00-0038549"	"20"	"CB"	"TUR283151"	"CB"	"D.J. Turner"
2023	"CIN"	9	"REG"	"3"	"Murphy"	"Myles"	"Myles"	"Defense"	"00-0038546"	"99"	"DE"	"MUR519902"	"LDE"	"Myles Murphy"
2023	"CIN"	9	"REG"	"3"	"Bachie"	"Joe"	"Joe"	"Defense"	"00-0035895"	"49"	"ILB"	"BAC270111"	"LB"	"Joe Bachie"
2023	"CIN"	9	"REG"	"1"	"Robbins"	"Brad"	"Brad"	"Special Teams"	"00-0038626"	"10"	"P"	"ROB032224"	"P"	"Brad Robbins"
2023	"CIN"	9	"REG"	"1"	"Robbins"	"Brad"	"Brad"	"Special Teams"	"00-0038626"	"10"	"P"	"ROB032224"	"H"	"Brad Robbins"
2023	"CIN"	9	"REG"	"1"	"Irwin"	"Trenton"	"Trenton"	"Special Teams"	"00-0035341"	"16"	"WR"	"IRW629310"	"PR"	"Trenton Irwin"
2023	"CIN"	9	"REG"	"2"	"Boyd"	"Tyler"	"Tyler"	"Special Teams"	"00-0033009"	"83"	"WR"	"BOY378353"	"PR"	"Tyler Boyd"
2023	"CIN"	9	"REG"	"1"	"Chase"	"Ja'Marr"	"Ja'Marr"	"Offense"	"00-0036900"	"1"	"WR"	"CHA694469"	"WR"	"Ja'Marr Chase"
2023	"CIN"	9	"REG"	"2"	"Sample"	"Drew"	"Drew"	"Offense"	"00-0035631"	"89"	"TE"	"SAM093961"	"TE"	"Drew Sample"
2023	"CIN"	9	"REG"	"1"	"Taylor-Britt"	"Cam"	"Cam"	"Defense"	"00-0037753"	"29"	"CB"	"TAY812541"	"CB"	"Cam Taylor-Britt"
2023	"CIN"	9	"REG"	"2"	"Tupou"	"Josh"	"Josh"	"Defense"	"00-0033347"	"68"	"NT"	"TUP546197"	"NT"	"Josh Tupou"
2023	"CIN"	9	"REG"	"2"	"Carter"	"Zachary"	"Zach"	"Defense"	"00-0037804"	"95"	"DT"	"CAR786801"	"DT"	"Zach Carter"
2023	"CIN"	9	"REG"	"2"	"Davis-Gaither"	"Akeem"	"Akeem"	"Defense"	"00-0036298"	"59"	"OLB"	"DAV816473"	"LB"	"Akeem Davis-Gaither"
2023	"CIN"	9	"REG"	"3"	"Harper"	"Devin"	"Devin"	"Defense"	"00-0037293"	"56"	"ILB"	"HAR256419"	"LB"	"Devin Harper"
2023	"CIN"	9	"REG"	"1"	"Adomitis"	"Cal"	"Cal"	"Special Teams"	"00-0037412"	"48"	"LS"	"ADO207645"	"LS"	"Cal Adomitis"
2023	"BUF"	18	"REG"	"2"	"Ford"	"Kaylon"	"Poona"	"Defense"	"00-0034234"	"95"	"DE"	"FOR313563"	"DT"	"Poona Ford"
2023	"BUF"	18	"REG"	"2"	"Ford"	"Kaylon"	"Poona"	"Defense"	"00-0034234"	"95"	"DE"	"FOR313563"	"DT"	"Poona Ford"
2023	"CHI"	13	"REG"	"3"	"Jackson"	"Eddie"	"Eddie"	"Special Teams"	"00-0033784"	"4"	"FS"	"JAC158683"	"\n    "	"Eddie Jackson"
2023	"CHI"	14	"REG"	"3"	"Jackson"	"Eddie"	"Eddie"	"Special Teams"	"00-0033784"	"4"	"FS"	"JAC158683"	"\n    "	"Eddie Jackson"
2023	"BAL"	null	"SBBYE"	"2"	"Robinson"	"Tavius"	"Tavius"	"Defense"	"00-0038505"	"95"	"OLB"	"ROB705359"	"RUSH"	"Tavius Robinson"
2023	"BAL"	null	"SBBYE"	"1"	"Smith"	"Roquan"	"Roquan"	"Defense"	"00-0034874"	"0"	"ILB"	"SMI685032"	"MLB"	"Roquan Smith"
2023	"BAL"	null	"SBBYE"	"1"	"Beckham"	"Odell"	"Odell"	"Offense"	"00-0031235"	"3"	"WR"	"BEC573252"	"WR"	"Odell Beckham"
2023	"ATL"	1	"REG"	"1"	"Patterson"	"Cordarrelle"	"Cordarrelle"	"Offense"	"00-0030578"	"84"	"RB"	"PAT387075"	"J"	"Cordarrelle Patterson"
2023	"CIN"	1	"REG"	"2"	"Carman"	"Jackson"	"Jackson"	"Offense"	"00-0036865"	"79"	"T"	"CAR198645"	"ROT"	"Jackson Carman"
2023	"CIN"	1	"REG"	"1"	"Brown"	"Orlando"	"Orlando"	"Offense"	"00-0034752"	"75"	"T"	"BRO570664"	"LOT"	"Orlando Brown"
2023	"BAL"	2	"REG"	"2"	"Flowers"	"Xavien"	"Zay"	"Offense"	"00-0039064"	"4"	"WR"	"FLO577002"	"WR1"	"Zay Flowers"
2023	"BAL"	2	"REG"	"1"	"Bateman"	"Rashod"	"Rashod"	"Offense"	"00-0036550"	"7"	"WR"	"BAT103884"	"WR2"	"Rashod Bateman"
2023	"DEN"	2	"REG"	"3"	"Skinner"	"J.L."	"J.L."	"Defense"	"00-0038605"	"34"	"SS"	"SKI623722"	"RS"	"J.L. Skinner"
2023	"NE"	1	"REG"	"1"	"Wise"	"Deatrich"	"Deatrich"	"Defense"	"00-0033947"	"91"	"DE"	"WIS078731"	"LE"	"Deatrich Wise"
2023	"NE"	1	"REG"	"1"	"Guy"	"Lawrence"	"Lawrence"	"Defense"	"00-0028171"	"93"	"DT"	"GUY230716"	"RE"	"Lawrence Guy"
2023	"NE"	9	"REG"	"2"	"Anderson"	"Calvin"	"Calvin"	"Offense"	"00-0034957"	"76"	"T"	"AND118382"	"\n    "	"Calvin Anderson"
2023	"BUF"	16	"REG"	"2"	"Sherfield"	"Trent"	"Trent"	"Offense"	"00-0034487"	"11"	"WR"	"SHE566024"	"WR\\8"	"Trent Sherfield"
2023	"BUF"	16	"REG"	"1"	"Diggs"	"Stefon"	"Stefon"	"Offense"	"00-0031588"	"1"	"WR"	"DIG218895"	"WR\\8"	"Stefon Diggs"
