game_id	season	game_type	week	gameday	weekday	gametime	away_team	away_score	home_team	home_score	location	result	total	overtime	old_game_id	gsis	nfl_detail_id	pfr	pff	espn	ftn	away_rest	home_rest	away_moneyline	home_moneyline	spread_line	away_spread_odds	home_spread_odds	total_line	under_odds	over_odds	div_game	roof	surface	temp	wind	away_qb_id	home_qb_id	away_qb_name	home_qb_name	away_coach	home_coach	referee	stadium_id	stadium
"2023_09_TEN_PIT"	2023	"REG"	9	"2023-11-02"	"Thursday"	"20:15"	"TEN"	16	"PIT"	20	"Home"	4	36	0	"2023110200"	59295	null	"202311020pit"	null	"401547512"	null	4	4	145	-175	3.5	-120	100	37	-108	-112	0	"outdoors"	"grass"	40	5	"00-0039152"	"00-0038102"	"Will Levis"	"Kenny Pickett"	"Mike Vrabel"	"Mike Tomlin"	"John Hussey"	"PIT00"	"Acrisure Stadium"
"2023_09_MIA_KC"	2023	"REG"	9	"2023-11-05"	"Sunday"	"09:30"	"MIA"	14	"KC"	21	"Neutral"	7	35	0	"2023110500"	59296	null	"202311050kan"	null	"401547230"	null	7	7	-105	-115	1	-112	-108	51	-108	-112	0	"outdoors"	"grass"	null	null	"00-0036212"	"00-0033873"	"Tua Tagovailoa"	"Patrick Mahomes"	"Mike McDaniel"	"Andy Reid"	"Clay Martin"	"FRA00"	"Deutsche Bank Park"
"2023_09_MIN_ATL"	2023	"REG"	9	"2023-11-05"	"Sunday"	"13:00"	"MIN"	31	"ATL"	28	"Home"	-3	59	0	"2023110501"	59297	null	"202311050atl"	null	"401547518"	null	7	7	160	-192	3.5	-108	-112	38.5	-112	-108	0	"open"	"fieldturf"	null	null	"00-0038598"	"00-0031800"	"Jaren Hall"	"Taylor Heinicke"	"Kevin O'Connell"	"Arthur Smith"	"Shawn Smith"	"ATL97"	"Mercedes-Benz Stadium"
"2023_09_SEA_BAL"	2023	"REG"	9	"2023-11-05"	"Sunday"	"13:00"	"SEA"	3	"BAL"	37	"Home"	34	40	0	"2023110502"	59298	null	"202311050rav"	null	"401547513"	null	7	7	220	-270	6	-110	-110	44.5	-112	-108	0	"outdoors"	"grass"	70	6	"00-0030565"	"00-0034796"	"Geno Smith"	"Lamar Jackson"	"Pete Carroll"	"John Harbaugh"	"Shawn Hochuli"	"BAL00"	"M&T Bank Stadium"
"2023_09_ARI_CLE"	2023	"REG"	9	"2023-11-05"	"Sunday"	"13:00"	"ARI"	0	"CLE"	27	"Home"	27	27	0	"2023110503"	59299	null	"202311050cle"	null	"401547514"	null	7	7	525	-750	13	-112	-108	38	-110	-110	0	"outdoors"	"grass"	56	7	"00-0038582"	"00-0033537"	"Clayton Tune"	"Deshaun Watson"	"Jonathan Gannon"	"Kevin Stefanski"	"Carl Cheffers"	"CLE00"	"FirstEnergy Stadium"
"2023_09_LA_GB"	2023	"REG"	9	"2023-11-05"	"Sunday"	"13:00"	"LA"	3	"GB"	20	"Home"	17	23	0	"2023110504"	59300	null	"202311050gnb"	null	"401547519"	null	7	7	160	-198	3.5	-108	-112	38	-112	-108	0	"outdoors"	"grass"	51	8	"00-0034955"	"00-0036264"	"Brett Rypien"	"Jordan Love"	"Sean McVay"	"Matt LaFleur"	"Clete Blakeman"	"GNB00"	"Lambeau Field"
"2023_09_TB_HOU"	2023	"REG"	9	"2023-11-05"	"Sunday"	"13:00"	"TB"	37	"HOU"	39	"Home"	2	76	0	"2023110505"	59301	null	"202311050htx"	null	"401547515"	null	10	7	124	-148	2.5	100	-120	39.5	-110	-110	0	"closed"	"astroturf"	null	null	"00-0034855"	"00-0039163"	"Baker Mayfield"	"C.J. Stroud"	"Todd Bowles"	"DeMeco Ryans"	"Land Clark"	"HOU00"	"NRG Stadium"
"2023_09_WAS_NE"	2023	"REG"	9	"2023-11-05"	"Sunday"	"13:00"	"WAS"	20	"NE"	17	"Home"	-3	37	0	"2023110506"	59302	null	"202311050nwe"	null	"401547520"	null	7	7	130	-155	2.5	100	-120	40.5	-110	-110	0	"outdoors"	"fieldturf"	62	6	"00-0037077"	"00-0036972"	"Sam Howell"	"Mac Jones"	"Ron Rivera"	"Bill Belichick"	"Adrian Hill"	"BOS00"	"Gillette Stadium"
"2023_09_CHI_NO"	2023	"REG"	9	"2023-11-05"	"Sunday"	"13:00"	"CHI"	17	"NO"	24	"Home"	7	41	0	"2023110507"	59303	null	"202311050nor"	null	"401547516"	null	7	7	340	-440	9	-108	-112	42	-110	-110	0	"dome"	"sportturf"	null	null	"00-0038416"	"00-0031280"	"Tyson Bagent"	"Derek Carr"	"Matt Eberflus"	"Dennis Allen"	"Ron Torbert"	"NOR00"	"Mercedes-Benz Superdome"
"2023_09_IND_CAR"	2023	"REG"	9	"2023-11-05"	"Sunday"	"16:05"	"IND"	27	"CAR"	13	"Home"	-14	40	0	"2023110508"	59304	null	"202311050car"	null	"401547517"	null	7	7	-130	110	-1.5	-108	-112	45	-110	-110	0	"outdoors"	"grass"	75	2	"00-0035289"	"00-0039150"	"Gardner Minshew"	"Bryce Young"	"Shane Steichen"	"Frank Reich"	"Bill Vinovich"	"CAR00"	"Bank of America Stadium"
"2023_09_NYG_LV"	2023	"REG"	9	"2023-11-05"	"Sunday"	"16:25"	"NYG"	6	"LV"	30	"Home"	24	36	0	"2023110509"	59305	null	"202311050rai"	null	"401547521"	null	7	6	-102	-118	1	-110	-110	38.5	-112	-108	0	"dome"	"grass"	null	null	"00-0035710"	"00-0038579"	"Daniel Jones"	"Aidan O'Connell"	"Brian Daboll"	"Antonio Pierce"	"Alan Eck"	"VEG00"	"Allegiant Stadium"
"2023_09_DAL_PHI"	2023	"REG"	9	"2023-11-05"	"Sunday"	"16:25"	"DAL"	23	"PHI"	28	"Home"	5	51	0	"2023110510"	59306	null	"202311050phi"	null	"401547522"	null	7	7	145	-175	3.5	-118	-102	46.5	-110	-110	1	"outdoors"	"grass"	64	6	"00-0033077"	"00-0036389"	"Dak Prescott"	"Jalen Hurts"	"Mike McCarthy"	"Nick Sirianni"	"Tra Blake"	"PHI00"	"Lincoln Financial Field"
"2023_09_BUF_CIN"	2023	"REG"	9	"2023-11-05"	"Sunday"	"20:20"	"BUF"	18	"CIN"	24	"Home"	6	42	0	"2023110511"	59307	null	"202311050cin"	null	"401547523"	null	10	7	105	-125	1.5	-108	-112	51	-110	-110	0	"outdoors"	"fieldturf"	51	5	"00-0034857"	"00-0036442"	"Josh Allen"	"Joe Burrow"	"Sean McDermott"	"Zac Taylor"	"Alex Kemp"	"CIN00"	"Paycor Stadium"
"2023_09_LAC_NYJ"	2023	"REG"	9	"2023-11-06"	"Monday"	"20:15"	"LAC"	27	"NYJ"	6	"Home"	-21	33	0	"2023110600"	59308	null	"202311060nyj"	null	"401547524"	null	8	8	-170	142	-3	-118	-102	41	-110	-110	0	"outdoors"	"fieldturf"	48	4	"00-0036355"	"00-0037013"	"Justin Herbert"	"Zach Wilson"	"Brandon Staley"	"Robert Saleh"	"Craig Wrolstad"	"NYC01"	"MetLife Stadium"
